subject,image,New,Seen
CNP04,New,725,242
CNP04,Recent,32,684
CNP04,Old,203,363
CNP05,New,632,134
CNP05,Recent,30,441
CNP05,Old,139,148
CNP08,New,602,127
CNP08,Recent,16,520
CNP08,Old,146,291
CNP09,New,719,101
CNP09,Recent,201,544
CNP09,Old,393,415
CNP10,New,680,75
CNP10,Recent,21,698
CNP10,Old,286,475
CNP12,New,621,161
CNP12,Recent,32,607
CNP12,Old,324,442
CNP14,New,346,94
CNP14,Recent,4,241
CNP14,Old,34,53
CNP18,New,488,173
CNP18,Recent,52,473
CNP18,Old,239,241
CNP19,New,467,260
CNP19,Recent,42,613
CNP19,Old,261,428
CNP20,New,401,148
CNP20,Recent,24,249
CNP20,Old,155,142
CNP21,New,92,74
CNP21,Recent,2,6
CNP21,Old,14,14
CNP22,New,642,116
CNP22,Recent,19,677
CNP22,Old,199,500
CNP26,New,681,103
CNP26,Recent,12,619
CNP26,Old,139,539
CNP27,New,359,120
CNP27,Recent,7,224
CNP27,Old,98,109
CNP28,New,296,158
CNP28,Recent,4,231
CNP28,Old,26,69
CNP29,New,382,127
CNP29,Recent,16,279
CNP29,Old,109,169
