band,second,mean,ci_low,ci_high,n_subjects
Alpha,1,0.049825359135866165,0.038574401289224625,0.062156230211257935,16
Alpha,2,0.08764349669218063,0.05635063722729683,0.12431914359331131,16
Beta,1,0.026676297187805176,0.019679773598909378,0.03405449166893959,16
Beta,2,0.016703035682439804,0.013233921490609646,0.020335018634796143,16
Delta,1,0.05203695595264435,0.033950719982385635,0.0724111869931221,16
Delta,2,0.02062631957232952,0.013134567067027092,0.030487103387713432,16
GammaH,1,0.01764352060854435,0.00976850837469101,0.029895422980189323,16
GammaH,2,0.026110298931598663,0.019679086282849312,0.03278184309601784,16
GammaL,1,0.019894227385520935,0.013674665242433548,0.02705806866288185,16
GammaL,2,0.014874940738081932,0.008735522627830505,0.021204933524131775,16
Ripple,1,0.025387845933437347,0.019484680145978928,0.03190440312027931,16
Ripple,2,0.01928967610001564,0.013524691574275494,0.02588830143213272,16
Theta,1,0.02871134877204895,0.02110263891518116,0.03634047880768776,16
Theta,2,0.03702765703201294,0.021318184211850166,0.05947018042206764,16
