,mean,ci_low,ci_high,n_subjects
1,0.0014321389608085155,-3.315950743854046e-05,0.00283825327642262,3
10v,0.04472930356860161,0.027087463065981865,0.056388694792985916,3
11l,0.022228915244340897,0.006511843763291836,0.03551658242940903,4
13l,0.010980778373777866,0.004597832914441824,0.017604609951376915,6
2,0.00522821769118309,0.004380844999104738,0.00628218799829483,4
23c,0.004354607313871384,0.0026566958986222744,0.005725450813770294,5
23d,0.02917216159403324,-0.0004214902000967413,0.06779894977807999,6
24dd,0.004064568318426609,0.0010842513293027878,0.005948472768068314,3
24dv,0.003028544830158353,-0.0024682562798261642,0.008565590716898441,3
31a,0.11874634027481079,0.019629649817943573,0.16840331256389618,3
31pd,0.005610802676528692,0.004396810196340084,0.0065801553428173065,3
31pv,0.04149847477674484,0.04149847477674484,0.04149847477674484,1
33pr,0.0007360564777627587,-0.00026954858913086355,0.00139018171466887,5
3a,0.003858796786516905,0.0013237884268164635,0.006299995817244053,7
3b,0.0013752576196566224,-0.001208312576636672,0.004129794426262379,5
4,0.0160619355738163,0.008403166197240353,0.028799548745155334,7
43,0.001972589874640107,0.0014263998018577695,0.0024215788580477238,3
44,0.00524047901853919,0.0010587126016616821,0.007975462824106216,3
45,0.016688039526343346,0.001669519580900669,0.0317065604031086,2
46,0.03286832943558693,0.016408530995249748,0.050740305334329605,6
47l,0.0066916183568537235,0.005803556647151709,0.007452217862010002,3
47m,0.005037063732743263,0.002527352422475815,0.007546775043010712,4
47s,-0.00047563505358994007,-0.00047563505358994007,-0.00047563505358994007,1
52,2.5279499823227525e-05,-0.0006073641125112772,0.0007099421927705407,4
55b,0.0018995553255081177,0.0006286409334279597,0.0031704697757959366,2
5mv,0.005594897083938122,0.003797649871557951,0.008912065997719765,4
6a,0.020777681842446327,0.009119427762925625,0.032788388431072235,6
6d,0.005129578523337841,0.0030122436583042145,0.007246913388371468,4
6ma,0.0023348466493189335,0.0018728198483586311,0.002796873450279236,2
6mp,0.01285977941006422,0.00640088552609086,0.023058148100972176,4
6r,0.004107111133635044,-0.0015607289969921112,0.010296333581209183,6
6v,0.003571469336748123,-0.005007566884160042,0.012746322900056839,3
7AL,0.0018846532329916954,0.0018846532329916954,0.0018846532329916954,1
7PC,0.00358690251596272,0.00358690251596272,0.00358690251596272,1
7m,0.007302129175513983,0.004709560424089432,0.00997992604970932,5
8Ad,0.008224241435527802,0.00013276864774525166,0.01631571352481842,2
8Av,0.007965799421072006,0.006574390456080437,0.009357208386063576,2
8C,0.010038360953330994,0.004278281237930059,0.015679864212870598,5
9-46d,0.01611477881669998,0.007777913473546505,0.024451643228530884,2
A1,5.0108905270462856e-05,-0.00016302602307405323,0.00039192367694340646,3
A4,0.0026695237029343843,0.0003009047359228134,0.0045534782111644745,3
A5,0.005435208324342966,0.0027311774902045727,0.008283944800496101,10
AAIC,0.00553647056221962,0.0025897882878780365,0.01055572647601366,3
AIP,0.017903678119182587,0.00603827740997076,0.03331572934985161,5
AVI,0.013821780681610107,0.0059172119945287704,0.020983746275305748,3
Amygdala,0.006235896144062281,0.0013402156764641404,0.011614110320806503,11
EC,-0.000964097329415381,-0.0026471419259905815,0.0008905947324819863,5
FEF,0.016242563724517822,0.005462065804749727,0.032562848180532455,4
FFC,0.002823655493557453,0.002823655493557453,0.002823655493557453,1
FOP1,0.001996941864490509,0.001996941864490509,0.001996941864490509,1
FOP2,0.0037381164729595184,0.0024642557837069035,0.005460645537823439,4
FOP3,0.0016904062358662486,-0.00010890921839745715,0.003503839485347271,3
FOP4,0.01207508984953165,0.005016467068344355,0.022289345040917397,7
FOP5,0.05553248152136803,0.011600341647863388,0.12902934849262238,4
FST,0.01233837753534317,0.004328354727476835,0.022352341562509537,5
Hippocampus,0.02181905135512352,0.014036055654287338,0.029885102063417435,14
IFJa,0.028637714684009552,0.012343157082796097,0.06047428399324417,4
IFJp,0.026711443439126015,0.026711443439126015,0.026711443439126015,1
IFSa,0.003981060814112425,0.0002595246769487858,0.009982166811823845,4
IFSp,0.020389661192893982,0.00849177222698927,0.03396109491586685,5
IP0,0.007064444944262505,0.007064444944262505,0.007064444944262505,1
IP1,0.004862045403569937,-0.0007323799654841423,0.010456470772624016,2
IP2,0.02524779736995697,0.003662511706352234,0.039222147315740585,3
IPS1,0.002682596445083618,0.002682596445083618,0.002682596445083618,1
Ig,0.0029345874208956957,-8.840986993163824e-06,0.007494400721043348,4
LBelt,0.00017488503362983465,-0.0005224544438533485,0.0008488285238854587,6
LIPd,0.007873935624957085,0.0030455533415079117,0.012702317908406258,2
LO1,0.019941769540309906,0.019941769540309906,0.019941769540309906,1
LO3,-0.0003636262263171375,-0.0003636262263171375,-0.0003636262263171375,1
MBelt,0.0012451845686882734,1.2423188309185207e-05,0.0028565595857799053,8
MI,0.030075987800955772,0.01610390469431877,0.04861653223633766,8
MIP,0.015137284994125366,0.0012478074058890343,0.022972771897912025,3
MST,0.001106561510823667,0.001106561510823667,0.001106561510823667,1
MT,0.0013139349175617099,2.123345620930195e-05,0.002606636378914118,2
OFC,0.00843390729278326,-0.0035001500509679317,0.02036796510219574,2
OP1,0.0035333666019141674,0.0010744351893663406,0.005688478704541922,5
OP2-3,0.0017920436803251505,-0.0008678138256072998,0.004451901186257601,2
OP4,0.0010832753032445908,0.0010832753032445908,0.0010832753032445908,1
PBelt,1.755523589963559e-05,-0.0015696324408054352,0.0018710129661485553,3
PCV,0.001997163286432624,0.0014860257506370544,0.002852640114724636,3
PEF,0.018060464411973953,0.0073007578030228615,0.032084353268146515,4
PF,0.005803798325359821,0.0007716623949818313,0.010206733830273151,5
PFcm,0.00421604048460722,0.0007079821079969406,0.010562132112681866,3
PFm,0.004712608642876148,0.0014862269163131714,0.008472314104437828,3
PFop,0.004403579048812389,0.0018125351052731276,0.008930264972150326,4
PFt,0.004966472741216421,7.897084287833422e-05,0.009442980401217937,5
PGi,0.007663596421480179,0.0039331200532615185,0.011870055459439754,5
PGp,0.007491285912692547,0.006287607364356518,0.008694964461028576,2
PGs,0.008816816844046116,0.004048046190291643,0.013609944842755795,4
PH,0.02868807315826416,0.006819169968366623,0.06790608167648315,4
PHA1,0.018420038744807243,0.008529395796358585,0.02890622615814209,6
PHA2,0.030569633468985558,0.006038554012775421,0.0516495555639267,3
PHA3,0.047750215977430344,0.03505154326558113,0.06196779012680054,7
PHT,0.01112581416964531,0.00407742615789175,0.020800627768039703,4
PI,-0.0007693676161579788,-0.002586283953860402,0.0011824017856270075,3
POS1,0.009599843062460423,0.006322863977402449,0.012885195203125477,3
POS2,0.019547149538993835,-0.002053729724138975,0.03242954611778259,4
PSL,0.0030651018023490906,0.0030651018023490906,0.0030651018023490906,1
PeEc,0.011305252090096474,0.0033411458134651184,0.022402478381991386,7
Pir,-0.00021805742289870977,-0.0013072213623672724,0.0008711065165698528,2
PoI1,0.005071405321359634,0.002438259543851018,0.007764772046357393,10
PoI2,0.004365207627415657,0.002037044847384095,0.007072778884321451,6
PreS,0.005859246011823416,0.0036984458565711975,0.008137386292219162,6
Putamen,0.00029934372287243605,6.939191371202469e-05,0.0005292955320328474,2
RI,0.0024325428530573845,-0.00032210908830165863,0.004800235386937857,4
RSC,0.015885964035987854,0.009181009605526924,0.023756567388772964,8
SCEF,0.0005946219898760319,0.0005946219898760319,0.0005946219898760319,1
STGa,0.002892932388931513,0.000659972196444869,0.004543614573776722,4
STSda,0.005219655577093363,0.0009608285618014634,0.009186928160488605,5
STSdp,0.002721028169617057,-0.0002170371444663033,0.00699677923694253,7
STSva,0.003639492904767394,0.0012151163537055254,0.00619036378338933,11
STSvp,0.02142341621220112,0.008108510635793209,0.03858432173728943,7
STV,0.001057080109603703,-0.000918081495910883,0.0021747946739196777,3
TA2,0.002553626662120223,0.0015038872370496392,0.0036885207518935204,3
TE1a,0.004297513049095869,0.001984823727980256,0.006303341593593359,11
TE1m,0.009634995833039284,0.003263488644734025,0.014938626438379288,8
TE1p,0.016450537368655205,0.012056568637490273,0.021121032536029816,10
TE2a,0.0070969960652291775,0.0030294328462332487,0.01159064844250679,10
TE2p,0.012755094096064568,0.007335394620895386,0.01862364076077938,9
TF,0.013070160523056984,0.007498319260776043,0.02042452059686184,8
TGd,0.010027047246694565,0.0012651667930185795,0.021056095138192177,10
TGv,0.010793507099151611,0.0068832761608064175,0.01799952983856201,3
TPOJ1,-0.00033415283542126417,-0.002928942907601595,0.0022606372367590666,4
TPOJ2,0.007029684726148844,0.0007095671608112752,0.014592702500522137,6
TPOJ3,0.0036681618075817823,0.0036681618075817823,0.0036681618075817823,1
V1,0.006221300922334194,0.000824563205242157,0.011505672708153725,5
V2,0.002866222755983472,-0.0003497101424727589,0.00650342833250761,5
V3,0.0034499913454055786,0.0034499913454055786,0.0034499913454055786,1
V3A,0.003234248608350754,0.003234248608350754,0.003234248608350754,1
V3CD,0.014234358444809914,0.014234358444809914,0.014234358444809914,1
V4,0.0065367077477276325,0.0065367077477276325,0.0065367077477276325,1
V6,0.0035721377935260534,0.0025673331692814827,0.004492966458201408,3
V7,0.0034176718909293413,0.0034176718909293413,0.0034176718909293413,1
VMV1,0.003977635875344276,-0.0024584713391959667,0.015233752317726612,3
VMV2,0.0186622217297554,0.0186622217297554,0.0186622217297554,1
VMV3,0.007810274139046669,0.007810274139046669,0.007810274139046669,1
VVC,0.055315230041742325,0.03702954202890396,0.07360091805458069,4
a24,0.009429891593754292,0.002668125554919243,0.015163380652666092,4
a24pr,0.00170131993945688,-0.0016030892729759216,0.004641394130885601,3
a32pr,0.0016909250989556313,-0.0014878669753670692,0.004419819917529821,3
a47r,0.006171372719109058,0.0017083194106817245,0.009594778530299664,4
d23ab,0.01283319666981697,0.0022027618251740932,0.03176846355199814,3
d32,-0.00045819045044481754,-0.00045819045044481754,-0.00045819045044481754,1
i6-8,0.057889267802238464,0.057889267802238464,0.057889267802238464,1
p24,8.222152246162295e-05,-0.0024092926178127527,0.0025737357791513205,4
p24pr,0.004241029266268015,0.001267919666133821,0.006885979324579239,5
p32,0.016616055741906166,0.016616055741906166,0.016616055741906166,1
p32pr,0.0036943191662430763,0.0005202414467930794,0.006825204938650131,3
p47r,0.019999155774712563,0.006864338647574186,0.04422840103507042,3
p9-46v,0.04911041259765625,0.019442157819867134,0.06962718069553375,4
s32,0.03467504680156708,0.034170374274253845,0.03517971932888031,2
s6-8,0.008476287126541138,0.008476287126541138,0.008476287126541138,1
v23ab,0.02236281707882881,-0.0024727508425712585,0.054425813257694244,4
