region,band,mean,ci_low,ci_high,n_subjects
1,Alpha,0.000195903136045672,-8.145795436576009e-05,0.0003534127026796341,3
1,Beta,0.00036197714507579803,-0.00019104796228930354,0.0010619631502777338,3
1,Delta,0.00018847512546926737,-5.395612970460206e-05,0.00045639611198566854,3
1,GammaH,5.785339089925401e-05,-0.0001220210688188672,0.0003539103490766138,3
1,GammaL,0.0002626835776027292,-3.6436307709664106e-05,0.0006096772849559784,3
1,Ripple,0.0001848754327511415,-0.00015015515964478254,0.0005524784792214632,3
1,Theta,0.00018037109111901373,0.0001321587187703699,0.00024545827182009816,3
10v,Alpha,0.022045085206627846,0.014109648764133453,0.029308175668120384,3
10v,Beta,0.003385745920240879,0.0006368951871991158,0.0064298235811293125,3
10v,Delta,0.0011440975358709693,-0.0005527555476874113,0.002401747042313218,3
10v,GammaH,0.016121936962008476,0.011315942741930485,0.02373555302619934,3
10v,GammaL,7.044061203487217e-05,-7.41834519430995e-05,0.0001456454920116812,3
10v,Ripple,0.001413739868439734,0.001245379215106368,0.0016521094366908073,3
10v,Theta,0.0005482619744725525,-0.00021423737052828074,0.0019260668195784092,3
11l,Alpha,0.016601309180259705,0.004847452975809574,0.0269794762134552,4
11l,Beta,0.0015104946214705706,0.00019724249432329088,0.0033370316959917545,4
11l,Delta,0.0012160437181591988,0.00014334925799630582,0.0027551138773560524,4
11l,GammaH,0.0017315694130957127,0.0006260066875256598,0.0029766769148409367,4
11l,GammaL,-0.000451618165243417,-0.0016739040147513151,0.000718539347872138,4
11l,Ripple,0.0005757745821028948,-0.00220727501437068,0.002388433553278446,4
11l,Theta,0.0010453421855345368,6.23060914222151e-05,0.001964882481843233,4
13l,Alpha,0.0011724220821633935,-0.0021430887281894684,0.0035244254395365715,6
13l,Beta,0.000975810457020998,-0.0005797914345748723,0.0025240599643439054,6
13l,Delta,0.0006701285601593554,0.00013884152576792985,0.001335172331891954,6
13l,GammaH,0.002845368580892682,0.0015473825624212623,0.004535831045359373,6
13l,GammaL,-0.0001036585817928426,-0.00043835685937665403,0.00020987183961551636,6
13l,Ripple,0.0005705502699129283,-0.0003931453393306583,0.0014376373728737235,6
13l,Theta,0.004884000867605209,0.001136915059760213,0.009182331152260303,6
2,Alpha,0.0011726216180250049,0.0005668796366080642,0.0020732285920530558,4
2,Beta,0.0003721188404597342,0.00033518491545692086,0.00040905270725488663,4
2,Delta,0.0002595927217043936,-0.0009340434335172176,0.0010631310287863016,4
2,GammaH,0.0026154175866395235,0.0011091635096818209,0.004724382422864437,4
2,GammaL,1.4049597666598856e-05,-0.0007774363039061427,0.0005841079400852323,4
2,Ripple,0.0003641245421022177,-9.73442365648225e-06,0.0006775632500648499,4
2,Theta,0.00043029277003370225,0.0001183105559903197,0.0007856818265281618,4
23c,Alpha,0.00033135118428617716,0.00013350821973290294,0.00047225243179127574,5
23c,Beta,0.0006752812187187374,0.000456488982308656,0.0009554624557495117,5
23c,Delta,0.001327687525190413,0.00045687597594223917,0.002198499161750078,5
23c,GammaH,0.0003856724943034351,-0.0005418361397460103,0.0014266943326219916,5
23c,GammaL,0.00018054778047371656,-0.0010342963505536318,0.001392217120155692,5
23c,Ripple,0.0007421190966852009,0.0005194874829612672,0.0009892273228615522,5
23c,Theta,0.0007119481451809406,0.00018993481353390962,0.00134903599973768,5
23d,Alpha,0.018296686932444572,-0.002074724994599819,0.040593069046735764,6
23d,Beta,0.004363563377410173,-0.0007720342837274075,0.012093383818864822,6
23d,Delta,0.00017631422088015825,-0.00014164508320391178,0.0005168108618818223,6
23d,GammaH,0.0007545612170360982,0.0003827286418527365,0.0011323178187012672,6
23d,GammaL,0.00034996107569895685,2.8407734134816565e-05,0.0006850152858532965,6
23d,Ripple,0.005505584180355072,-0.0005206606001593173,0.013809889554977417,6
23d,Theta,-0.00027450700872577727,-0.0011283708736300468,0.0005763621884398162,6
24dd,Alpha,-0.0011071657063439488,-0.0029865968972444534,0.0017128484323620796,3
24dd,Beta,0.0007307654595933855,0.00035087065771222115,0.0013650907203555107,3
24dd,Delta,0.0007724257302470505,-0.000353689887560904,0.0022243447601795197,3
24dd,GammaH,0.0019028388196602464,0.0007840809412300587,0.002727236831560731,3
24dd,GammaL,6.67087733745575e-05,-0.0013666418381035328,0.0013521811924874783,3
24dd,Ripple,0.0016223909333348274,0.00039105815812945366,0.003852003486827016,3
24dd,Theta,7.660419214516878e-05,-0.0006544564384967089,0.0007853470742702484,3
24dv,Alpha,0.00038969991146586835,-0.00018808525055646896,0.0008313197176903486,3
24dv,Beta,0.0018066096818074584,0.0006323682609945536,0.003979993052780628,3
24dv,Delta,-6.034810212440789e-05,-0.0005903667770326138,0.0003339035902172327,3
24dv,GammaH,8.807401172816753e-06,-2.9797316528856754e-05,3.48587054759264e-05,3
24dv,GammaL,0.00042681986815296113,-0.00042773247696459293,0.001336823683232069,3
24dv,Ripple,0.00035631752689369023,-6.907610804773867e-05,0.000583660788834095,3
24dv,Theta,0.00010063918307423592,-0.0024836664088070393,0.002093626419082284,3
31a,Alpha,0.09925516694784164,0.013845033943653107,0.14848031103610992,3
31a,Beta,0.007520200684666634,0.001982332905754447,0.01351602841168642,3
31a,Delta,0.004956478718668222,0.0005347486585378647,0.009767436422407627,3
31a,GammaH,0.0013415785506367683,0.0002742502256296575,0.0025174173060804605,3
31a,GammaL,-0.00013967626728117466,-0.0006730437162332237,0.0003947882214561105,3
31a,Ripple,0.005458786617964506,0.0015387447783723474,0.012344186194241047,3
31a,Theta,0.00035380563349463046,0.00010507504339329898,0.0006913154502399266,3
31pd,Alpha,0.0018242336809635162,0.0009588138200342655,0.003475612960755825,3
31pd,Beta,0.0013571609742939472,0.00037597306072711945,0.002706521889194846,3
31pd,Delta,-0.00021470774663612247,-0.00042179308366030455,-8.34439997561276e-05,3
31pd,GammaH,0.00032602678402327,-0.00032375071896240115,0.001335273147560656,3
31pd,GammaL,0.0002449541352689266,-1.9015413272427395e-05,0.0004953666939400136,3
31pd,Ripple,0.0004697741533163935,0.000423664809204638,0.0005385224358178675,3
31pd,Theta,0.0016033608699217439,0.0010485583916306496,0.0021332362666726112,3
31pv,Alpha,0.029020141810178757,0.029020141810178757,0.029020141810178757,1
31pv,Beta,0.0003819620469585061,0.0003819620469585061,0.0003819620469585061,1
31pv,Delta,0.0018432015785947442,0.0018432015785947442,0.0018432015785947442,1
31pv,GammaH,-0.000501380127388984,-0.000501380127388984,-0.000501380127388984,1
31pv,GammaL,-0.00013802677858620882,-0.00013802677858620882,-0.00013802677858620882,1
31pv,Ripple,0.00020939437672495842,0.00020939437672495842,0.00020939437672495842,1
31pv,Theta,0.010683181695640087,0.010683181695640087,0.010683181695640087,1
33pr,Alpha,0.00013666182348970324,-0.00021100656886119395,0.00043523753993213177,5
33pr,Beta,0.00026191919459961355,-2.8706237571896054e-05,0.0005525446031242609,5
33pr,Delta,-0.00024133396800607443,-0.0004354887641966343,-8.254624844994396e-05,5
33pr,GammaH,7.251114766404498e-06,-7.493844896089286e-05,0.00011354956950526685,5
33pr,GammaL,7.18402661732398e-05,-0.00019866644288413227,0.00031004782067611814,5
33pr,Ripple,0.00010614797793095931,-7.763950998196378e-05,0.00026199998683296144,5
33pr,Theta,0.00039356976049020886,-1.8450082279741764e-05,0.0007395629654638469,5
3a,Alpha,0.0005035226931795478,0.00020770182891283184,0.0008301252382807434,7
3a,Beta,0.001169580384157598,0.0003878515854012221,0.0021000998094677925,7
3a,Delta,0.0006218486232683063,0.00023541074187960476,0.0010916304308921099,7
3a,GammaH,0.0008404976106248796,-0.00018020113930106163,0.0019946277607232332,7
3a,GammaL,9.265192784368992e-05,-0.00021842257410753518,0.0003198781923856586,7
3a,Ripple,3.0308696295833215e-05,-0.0021775185596197844,0.002216051798313856,7
3a,Theta,0.0006003872258588672,0.0001446846581529826,0.0011122688883915544,7
3b,Alpha,0.0002160634903702885,-0.0010406511137261987,0.0015267969574779272,5
3b,Beta,0.00031800236320123076,-0.0001546562125440687,0.0007906609098426998,5
3b,Delta,7.400409958790988e-05,-0.00021694593306165189,0.00030973850516602397,5
3b,GammaH,0.0003142033237963915,-0.00017523484712000936,0.001101855537854135,5
3b,GammaL,0.00020759427570737898,-0.0008024253183975816,0.0011062949197366834,5
3b,Ripple,-0.00011261566396569833,-0.0005306497914716601,0.00019801426969934255,5
3b,Theta,0.0003580058109946549,9.252697054762393e-05,0.0006028824718669057,5
4,Alpha,0.0034697854425758123,0.0005665178177878261,0.008197953924536705,7
4,Beta,0.00042294550803489983,0.00016360603331122547,0.0007006286177784204,7
4,Delta,0.0006869062781333923,-0.0015214604791253805,0.0031778125558048487,7
4,GammaH,0.0021080889273434877,0.0011133450316265225,0.0031444046180695295,7
4,GammaL,0.0004744665347971022,0.00015770304889883846,0.0008143289014697075,7
4,Ripple,0.0006349371979013085,-0.0004981753299944103,0.0015034646494314075,7
4,Theta,0.008243278600275517,0.0029392074793577194,0.01698184385895729,7
43,Alpha,0.0007768361829221249,-0.0006604089285247028,0.0018630479462444782,3
43,Beta,0.00011357004404999316,-7.770868251100183e-05,0.00035129880416207016,3
43,Delta,-7.725784234935418e-05,-0.00032470739097334445,0.00019919760234188288,3
43,GammaH,0.00028735215892083943,-0.0001523153332527727,0.000787992961704731,3
43,GammaL,0.00015033977979328483,-6.947117071831599e-05,0.0002895626239478588,3
43,Ripple,0.0001980336819542572,-0.0008324976079165936,0.001692545018158853,3
43,Theta,0.000523716036695987,0.0002764998935163021,0.0007289072964340448,3
44,Alpha,0.0008924094145186245,0.0006410409696400166,0.0012822109274566174,3
44,Beta,0.00010726833716034889,-0.0007291375659406185,0.0010462012141942978,3
44,Delta,0.0008754967711865902,0.0003390326164662838,0.0017407964915037155,3
44,GammaH,0.0010921899229288101,0.0005252547562122345,0.0014399224892258644,3
44,GammaL,0.0004992711474187672,0.00026614638045430183,0.0008317958563566208,3
44,Ripple,0.0010300868889316916,0.00024290848523378372,0.001909521408379078,3
44,Theta,0.00027656854945234954,-0.0002265336224809289,0.0008992971852421761,3
45,Alpha,0.016272416338324547,-0.0008955048397183418,0.03344033658504486,2
45,Beta,0.00045462482376024127,4.62154857814312e-05,0.0008630341617390513,2
45,Delta,0.0005502610001713037,0.0003666516859084368,0.0007338703726418316,2
45,GammaH,-0.0004923449596390128,-0.0015975693240761757,0.0006128794047981501,2
45,GammaL,9.731271711643785e-05,3.337667294545099e-05,0.00016124876856338233,2
45,Ripple,8.886143041308969e-05,4.988988803233951e-05,0.00012783297279383987,2
45,Theta,-0.00028309086337685585,-0.0008381553925573826,0.0002719736658036709,2
46,Alpha,0.0205471720546484,0.004977524280548096,0.03793582692742348,6
46,Beta,0.001074568135663867,5.734269507229328e-05,0.0018095511477440596,6
46,Delta,0.009446278214454651,0.0019140389049425721,0.01801913231611252,6
46,GammaH,0.0001503590028733015,-0.0004210403421893716,0.0007043480291031301,6
46,GammaL,-5.0613656640052795e-05,-0.002757188631221652,0.0016781453741714358,6
46,Ripple,0.0010276968823745847,-1.2690569747064728e-05,0.0021666872780770063,6
46,Theta,0.0006728717708028853,0.0001387670636177063,0.0012709134025499225,6
47l,Alpha,0.0006828336627222598,0.000258884159848094,0.0011570807546377182,3
47l,Beta,0.00027107520145364106,-0.00043782274588011205,0.0008726862142793834,3
47l,Delta,0.0007764049805700779,0.0006917103310115635,0.0008716792799532413,3
47l,GammaH,0.0002776416076812893,-0.0033582381438463926,0.002556754043325782,3
47l,GammaL,0.003056340618059039,0.0005521597340703011,0.004508146084845066,3
47l,Ripple,0.0004136473871767521,-0.00027133221738040447,0.0016199955716729164,3
47l,Theta,0.0012136745499446988,0.00011420366354286671,0.002379087032750249,3
47m,Alpha,0.0017157718539237976,-5.4153904784470797e-05,0.003902831580489874,4
47m,Beta,0.0012217893963679671,0.0002591133816167712,0.002044224413111806,4
47m,Delta,0.0011314060539007187,2.2331776563078165e-05,0.002465476980432868,4
47m,GammaH,-8.329495904035866e-05,-0.00030992316897027194,0.0002711481065489352,4
47m,GammaL,3.554148133844137e-05,-0.0002731379063334316,0.00030477443942800164,4
47m,Ripple,-6.230427243281156e-05,-0.000272728328127414,0.0002719200565479696,4
47m,Theta,0.0010781543096527457,0.00045064554433338344,0.002009847667068243,4
47s,Alpha,2.0151579519733787e-05,2.0151579519733787e-05,2.0151579519733787e-05,1
47s,Beta,-5.4754127631895244e-05,-5.4754127631895244e-05,-5.4754127631895244e-05,1
47s,Delta,-0.00022955940221436322,-0.00022955940221436322,-0.00022955940221436322,1
47s,GammaH,-0.0002180341398343444,-0.0002180341398343444,-0.0002180341398343444,1
47s,GammaL,-0.0007080133655108511,-0.0007080133655108511,-0.0007080133655108511,1
47s,Ripple,5.816039629280567e-05,5.816039629280567e-05,5.816039629280567e-05,1
47s,Theta,0.000656413845717907,0.000656413845717907,0.000656413845717907,1
52,Alpha,-0.00018516113050282001,-0.0003491594106890261,-1.3220662367530167e-05,4
52,Beta,0.0004196750815026462,0.00021107250358909369,0.0006533479318022728,4
52,Delta,0.0002786547993309796,4.5478722313418984e-05,0.0005118308472447097,4
52,GammaH,-0.00011678971350193024,-0.0003039976581931114,0.00015287027054000646,4
52,GammaL,1.7659986042417586e-05,-0.00035012088483199477,0.0003279771190136671,4
52,Ripple,-0.00022241994156502187,-0.0003962170158047229,-5.5081523896660656e-05,4
52,Theta,-0.00016633978520985693,-0.0002944637672044337,-3.821581049123779e-05,4
55b,Alpha,8.921685366658494e-05,2.8540758648887277e-05,0.0001498929486842826,2
55b,Beta,0.0008700147736817598,0.000863598776049912,0.0008764307713136077,2
55b,Delta,5.6895918532973155e-05,-0.0001036586836562492,0.0002174505207221955,2
55b,GammaH,-0.00023173022782430053,-0.0005051452899351716,4.168483428657055e-05,2
55b,GammaL,0.00010564412514213473,6.648944690823555e-06,0.0002046393055934459,2
55b,Ripple,0.0010117955971509218,-0.0001791529357433319,0.0022027441300451756,2
55b,Theta,-2.28171847993508e-06,-3.2731040846556425e-06,-1.2903328752145171e-06,2
5mv,Alpha,0.0008479758398607373,0.00015664921374991536,0.0019002037588506937,4
5mv,Beta,0.0002482435083948076,4.28874627687037e-05,0.00045359961222857237,4
5mv,Delta,0.001020824071019888,0.0006826131721027195,0.0012733398471027613,4
5mv,GammaH,0.0003939511952921748,1.936453190864995e-05,0.0006284287665039301,4
5mv,GammaL,0.0014148466289043427,0.0005838385550305247,0.002826961223036051,4
5mv,Ripple,0.0003409872006159276,9.236502228304744e-05,0.0005582335870712996,4
5mv,Theta,0.0013280693674460053,0.0005200019804760814,0.001827984000556171,4
6a,Alpha,0.003292541950941086,0.00018646039825398475,0.006683638319373131,6
6a,Beta,0.002586300717666745,0.0011734837898984551,0.004169862251728773,6
6a,Delta,0.0015390701591968536,0.0002137615083483979,0.002894348232075572,6
6a,GammaH,0.0020782221108675003,0.00030488427728414536,0.004026710521429777,6
6a,GammaL,0.002700680634006858,0.0016325623728334904,0.004121613688766956,6
6a,Ripple,0.006059721112251282,0.0005998651031404734,0.011612407863140106,6
6a,Theta,0.0025211458560079336,-0.00042439461685717106,0.0060858353972435,6
6d,Alpha,9.785075235413387e-05,3.7920479371678084e-05,0.0001425109658157453,4
6d,Beta,0.00015489025099668652,-0.00011629251821432263,0.00041328452061861753,4
6d,Delta,1.3116878108121455e-05,-0.0005258701276034117,0.0007625175639986992,4
6d,GammaH,0.0003531054826453328,4.2041894630528986e-05,0.0007478042389266193,4
6d,GammaL,0.001100181951187551,-4.3802952859550714e-05,0.0029172315262258053,4
6d,Ripple,0.0002370153524680063,-0.00012180321209598333,0.0007785605848766863,4
6d,Theta,0.0031734181102365255,0.0017534529324620962,0.0051842606626451015,4
6ma,Alpha,0.00044795728172175586,0.0003233234747312963,0.0005725910887122154,2
6ma,Beta,-0.0008071342017501593,-0.0018992987461388111,0.0002850303426384926,2
6ma,Delta,0.0001303129829466343,7.227575406432152e-05,0.00018835021182894707,2
6ma,GammaH,0.00035896862391382456,-0.0002726986713241786,0.0009906359482556581,2
6ma,GammaL,-0.00041544646956026554,-0.0007045816164463758,-0.00012631132267415524,2
6ma,Ripple,0.002118559554219246,0.0006311952602118254,0.00360592408105731,2
6ma,Theta,0.0005016298964619637,0.0003825351595878601,0.0006207246333360672,2
6mp,Alpha,0.00027534415130503476,-0.00022833376715425402,0.0008923881687223911,4
6mp,Beta,0.00041327386861667037,0.0002823815157171339,0.0005627385107800364,4
6mp,Delta,0.0027214493602514267,-0.0001226288586622104,0.008035305887460709,4
6mp,GammaH,0.00506714778020978,0.001619722694158554,0.00967058353126049,4
6mp,GammaL,-5.341032374417409e-05,-0.00011536669626366347,8.546048775315285e-06,4
6mp,Ripple,0.003174949437379837,0.0009329825988970697,0.005416915751993656,4
6mp,Theta,0.0012610252015292645,-0.00030108646024018526,0.0028231367468833923,4
6r,Alpha,0.0019103148952126503,-0.0002624889893922955,0.00580884562805295,6
6r,Beta,-0.0008354250458069146,-0.004783941432833672,0.0020280906464904547,6
6r,Delta,0.0008630445227026939,0.0002715485170483589,0.0015864887973293662,6
6r,GammaH,0.0014401987427845597,-2.2232318315218436e-06,0.0028669119346886873,6
6r,GammaL,0.00036933846422471106,-0.0003510876267682761,0.0011390928411856294,6
6r,Ripple,1.7947148080565967e-05,-0.0007489433628506958,0.0006976106087677181,6
6r,Theta,0.0003416924737393856,6.92911198711954e-05,0.0006204306264407933,6
6v,Alpha,0.00026703206822276115,-0.0006585423834621906,0.0008478797972202301,3
6v,Beta,0.0004720026918221265,-0.0001855712616816163,0.0009807252790778875,3
6v,Delta,0.002617432503029704,-0.0015365752624347806,0.006745075341314077,3
6v,GammaH,-3.7418427382363006e-05,-0.00021931773517280817,0.00013556558405980468,3
6v,GammaL,-0.0011032756883651018,-0.004691895097494125,0.0010052379220724106,3
6v,Ripple,1.0670725714589935e-05,-0.0008788455161266029,0.0007094426546245813,3
6v,Theta,0.0013450250262394547,-0.001823620405048132,0.0031869260128587484,3
7AL,Alpha,0.0005467464216053486,0.0005467464216053486,0.0005467464216053486,1
7AL,Beta,-0.00027178332675248384,-0.00027178332675248384,-0.00027178332675248384,1
7AL,Delta,6.462656892836094e-05,6.462656892836094e-05,6.462656892836094e-05,1
7AL,GammaH,0.0004017864994239062,0.0004017864994239062,0.0004017864994239062,1
7AL,GammaL,1.4608493074774742e-05,1.4608493074774742e-05,1.4608493074774742e-05,1
7AL,Ripple,0.0007086212281137705,0.0007086212281137705,0.0007086212281137705,1
7AL,Theta,0.00042004731949418783,0.00042004731949418783,0.00042004731949418783,1
7PC,Alpha,0.0020788749679923058,0.0020788749679923058,0.0020788749679923058,1
7PC,Beta,0.00011389463907107711,0.00011389463907107711,0.00011389463907107711,1
7PC,Delta,0.0005314036970958114,0.0005314036970958114,0.0005314036970958114,1
7PC,GammaH,7.33300403226167e-05,7.33300403226167e-05,7.33300403226167e-05,1
7PC,GammaL,0.0003908028593286872,0.0003908028593286872,0.0003908028593286872,1
7PC,Ripple,0.00018232993897981942,0.00018232993897981942,0.00018232993897981942,1
7PC,Theta,0.00021626637317240238,0.00021626637317240238,0.00021626637317240238,1
7m,Alpha,0.003670375794172287,0.0005486041191034019,0.00635257363319397,5
7m,Beta,0.0003267905558459461,-0.0001223446597578004,0.0007759258151054382,5
7m,Delta,0.0006660536164417863,-0.00017005091649480164,0.0015021578874439,5
7m,GammaH,0.00015073745453264564,-9.676857007434592e-05,0.00037097380845807493,5
7m,GammaL,0.001640084432438016,0.0013152370229363441,0.0022103763185441494,5
7m,Ripple,0.0005105130840092897,-4.2963634768966585e-05,0.0011423227842897177,5
7m,Theta,0.0003375756787136197,0.0001139696323662065,0.0005611817468889058,5
8Ad,Alpha,-0.0012633176520466805,-0.002275089267641306,-0.000251546036452055,2
8Ad,Beta,0.0027910983189940453,-2.314889570698142e-05,0.005605345591902733,2
8Ad,Delta,0.0004650988266803324,6.25604297965765e-05,0.0008676372235640883,2
8Ad,GammaH,0.0005694791325367987,0.00022886852093506604,0.0009100897004827857,2
8Ad,GammaL,0.0018565530190244317,-2.1061860024929047e-06,0.0037152122240513563,2
8Ad,Ripple,0.003330020699650049,0.00022150028962641954,0.006438541226089001,2
8Ad,Theta,0.00047530836309306324,-0.00010335965635022148,0.0010539763607084751,2
8Av,Alpha,0.0027580992318689823,0.0017747110687196255,0.003741487395018339,2
8Av,Beta,0.000995173119008541,0.0004221434937790036,0.0015682026278227568,2
8Av,Delta,0.0017756186425685883,0.0016346094198524952,0.0019166278652846813,2
8Av,GammaH,0.00032367720268666744,0.00017757155001163483,0.00046978285536170006,2
8Av,GammaL,0.0011413466418161988,0.0008415337651968002,0.0014411595184355974,2
8Av,Ripple,0.00030462443828582764,-5.001458339393139e-05,0.0006592634599655867,2
8Av,Theta,0.0006672601448372006,0.00016031000996008515,0.001174210337921977,2
8C,Alpha,0.001747595495544374,-0.0003418833075556904,0.004773266613483429,5
8C,Beta,0.0003399063425604254,-0.0002171997621189803,0.0010680831037461758,5
8C,Delta,0.00611488800495863,0.0008777409675531089,0.01112269051373005,5
8C,GammaH,0.0006218449561856687,-0.0012446495238691568,0.002851852448657155,5
8C,GammaL,0.0008258468587882817,-5.3463147196453065e-05,0.0019806581549346447,5
8C,Ripple,0.0002718362375162542,2.900540675909724e-05,0.0006332282209768891,5
8C,Theta,0.00011644194455584511,-9.955933637684211e-05,0.00033639275352470577,5
9-46d,Alpha,0.0023143684957176447,0.00043579330667853355,0.004192943684756756,2
9-46d,Beta,-0.00015487917698919773,-0.00017073564231395721,-0.00013902269711252302,2
9-46d,Delta,-0.0004164532001595944,-0.0010152356699109077,0.0001823292695917189,2
9-46d,GammaH,0.007183962967246771,0.0019601250533014536,0.012407801114022732,2
9-46d,GammaL,0.0013442363124340773,0.00013905507512390614,0.0025494175497442484,2
9-46d,Ripple,0.0050995564088225365,0.005067585036158562,0.0051315282471477985,2
9-46d,Theta,0.0007439864566549659,6.810409104218706e-05,0.0014198687858879566,2
A1,Alpha,-0.00010736574040492997,-0.0001776604331098497,-1.2394535588100553e-05,3
A1,Beta,0.00019665295258164406,0.00015350237663369626,0.0002666214422788471,3
A1,Delta,-8.602108573541045e-05,-0.00014379023923538625,-5.410538869909942e-05,3
A1,GammaH,-0.00020031409803777933,-0.00033490665373392403,-2.3442087695002556e-05,3
A1,GammaL,5.6689896155148745e-05,-5.7811339502222836e-05,0.00017761772323865443,3
A1,Ripple,4.3817261030199006e-05,-0.00011472284677438438,0.00013091135770082474,3
A1,Theta,0.00014664969057776034,5.0008471589535475e-05,0.00023989001056179404,3
A4,Alpha,0.0013739558635279536,0.0008411449380218983,0.0023324727080762386,3
A4,Beta,-0.00014049223682377487,-0.0002125498140230775,-6.226659752428532e-05,3
A4,Delta,0.00016306542966049165,-8.211343083530664e-05,0.0005480315303429961,3
A4,GammaH,-2.546069117670413e-05,-0.00014522974379360676,0.00017900438979268074,3
A4,GammaL,0.0001377825828967616,-0.00011357688345015049,0.0002872580662369728,3
A4,Ripple,0.0003610112762544304,-6.53010793030262e-05,0.0008922794368118048,3
A4,Theta,0.0007996617932803929,-2.8576236218214035e-05,0.001434070523828268,3
A5,Alpha,0.0012620370835065842,-0.00033851314219646156,0.0028645943384617567,10
A5,Beta,0.0010600760579109192,0.0005469875759445131,0.0017313442658632994,10
A5,Delta,0.0002826463896781206,0.00013926002429798245,0.0004605552239809185,10
A5,GammaH,-4.3753592763096094e-05,-0.0006769549218006432,0.000508969824295491,10
A5,GammaL,0.0004468775005079806,-0.0006022379966452718,0.0014217853313311934,10
A5,Ripple,0.0022178920917212963,0.0009576520533300936,0.0035484125837683678,10
A5,Theta,0.00021037210535723716,4.4342141336528584e-05,0.000387179316021502,10
AAIC,Alpha,0.00030150345992296934,8.022473775781691e-05,0.0005520664853975177,3
AAIC,Beta,-0.00018965383060276508,-0.00035259779542684555,4.720033030025661e-05,3
AAIC,Delta,0.0006962728803046048,0.0003587487153708935,0.0010647096205502748,3
AAIC,GammaH,0.0019506140379235148,-0.000540893292054534,0.0045974585227668285,3
AAIC,GammaL,0.0004522463132161647,-0.00020456744823604822,0.0008691521361470222,3
AAIC,Ripple,-2.231375219707843e-05,-0.0002956935204565525,0.00020824430976063013,3
AAIC,Theta,0.0023478015791624784,0.000846153765451163,0.004826592281460762,3
AIP,Alpha,0.009566808119416237,0.0010537654161453247,0.021498611196875572,5
AIP,Beta,0.0003462997847236693,-0.00032883582753129303,0.0015268675051629543,5
AIP,Delta,0.00030943966703489423,-0.0002706804370973259,0.0009172967402264476,5
AIP,GammaH,0.000719080155249685,3.2802905479911715e-05,0.0015077987918630242,5
AIP,GammaL,0.0012233540182933211,0.0008281703339889646,0.001818739459849894,5
AIP,Ripple,0.001044613542035222,0.0006391910137608647,0.0014500360703095794,5
AIP,Theta,0.004694083239883184,0.0006758192321285605,0.009105084463953972,5
AVI,Alpha,0.004573352634906769,0.0039520710706710815,0.005686752963811159,3
AVI,Beta,0.001026516081765294,0.0003886639606207609,0.0017769535770639777,3
AVI,Delta,0.0005665874341502786,-0.0008398417267017066,0.0018067103810608387,3
AVI,GammaH,0.00012154415162513033,-0.000197116460185498,0.00038617095560766757,3
AVI,GammaL,0.0037884078919887543,-0.0013426076620817184,0.010143729858100414,3
AVI,Ripple,0.0010882561327889562,0.0009606904350221157,0.0013037578901275992,3
AVI,Theta,0.002657116623595357,0.0007101672817952931,0.005132799968123436,3
Amygdala,Alpha,0.0005234796553850174,6.969551759539172e-05,0.0010467619867995381,11
Amygdala,Beta,0.0009398011025041342,-0.0005231028189882636,0.0022322412114590406,11
Amygdala,Delta,0.00019039791368413717,-0.00012414425145834684,0.0005014712223783135,11
Amygdala,GammaH,0.00041743836482055485,4.76546301797498e-05,0.0007372587569989264,11
Amygdala,GammaL,0.0003446869377512485,-5.337017137208022e-05,0.0009071557433344424,11
Amygdala,Ripple,0.0034636370837688446,0.0006135035655461252,0.007054888177663088,11
Amygdala,Theta,0.00035645533353090286,-0.0004733561654575169,0.0013278237311169505,11
EC,Alpha,-0.0001267929037567228,-0.0009158693137578666,0.0007021594210527837,5
EC,Beta,0.0005723155336454511,-0.00016222780686803162,0.0013235907536000013,5
EC,Delta,-0.0006085564964450896,-0.0009900472359731793,-0.000291712349280715,5
EC,GammaH,-3.351679697516374e-05,-0.0002307238755747676,0.0001636902743484825,5
EC,GammaL,-0.00030999555019661784,-0.001490465016104281,0.0007015332812443376,5
EC,Ripple,-0.00044197231181897223,-0.0007594014750793576,-0.00012454311945475638,5
EC,Theta,-7.141994137782604e-05,-0.0003510208916850388,0.00016904254152905196,5
FEF,Alpha,-1.3124263205099851e-05,-7.120577356545255e-05,2.4930282961577177e-05,4
FEF,Beta,0.0003804760053753853,-0.00040813913801684976,0.001361003378406167,4
FEF,Delta,0.0006215949542820454,-0.0003043229226022959,0.0015475128311663866,4
FEF,GammaH,0.00779295526444912,0.003267419058829546,0.013986538164317608,4
FEF,GammaL,0.002782385563477874,-0.0008677119039930403,0.008405379019677639,4
FEF,Ripple,0.004434485919773579,0.0013629896566271782,0.008077952079474926,4
FEF,Theta,0.00024379038950428367,-0.00034518801840022206,0.0008116799872368574,4
FFC,Alpha,6.874976679682732e-05,6.874976679682732e-05,6.874976679682732e-05,1
FFC,Beta,0.0007859249599277973,0.0007859249599277973,0.0007859249599277973,1
FFC,Delta,0.001481121638789773,0.001481121638789773,0.001481121638789773,1
FFC,GammaH,4.552979953587055e-05,4.552979953587055e-05,4.552979953587055e-05,1
FFC,GammaL,0.0003306571743451059,0.0003306571743451059,0.0003306571743451059,1
FFC,Ripple,-2.1202926291152835e-05,-2.1202926291152835e-05,-2.1202926291152835e-05,1
FFC,Theta,0.00013287458568811417,0.00013287458568811417,0.00013287458568811417,1
FOP1,Alpha,5.006021820008755e-05,5.006021820008755e-05,5.006021820008755e-05,1
FOP1,Beta,3.591726999729872e-05,3.591726999729872e-05,3.591726999729872e-05,1
FOP1,Delta,0.0024119846057146788,0.0024119846057146788,0.0024119846057146788,1
FOP1,GammaH,-0.00017153413500636816,-0.00017153413500636816,-0.00017153413500636816,1
FOP1,GammaL,0.00023402378428727388,0.00023402378428727388,0.00023402378428727388,1
FOP1,Ripple,-0.0003306475991848856,-0.0003306475991848856,-0.0003306475991848856,1
FOP1,Theta,-0.0002328625414520502,-0.0002328625414520502,-0.0002328625414520502,1
FOP2,Alpha,-0.00010335697152186185,-0.0009190913988277316,0.0006262235110625625,4
FOP2,Beta,0.0010704079177230597,0.00013452769780997187,0.002206759061664343,4
FOP2,Delta,-5.6050233979476616e-05,-0.00024838722310960293,0.0001296937116421759,4
FOP2,GammaH,0.0010219451505690813,0.0003735079662874341,0.0022190669551491737,4
FOP2,GammaL,0.0005562255391851068,-0.00027622439665719867,0.0017103940481320024,4
FOP2,Ripple,0.0009617118630558252,7.924647070467472e-05,0.0018441772554069757,4
FOP2,Theta,0.0002872329787351191,0.00011373480083420873,0.0004607312148436904,4
FOP3,Alpha,0.0009751652250997722,0.00037454767152667046,0.0020887714345008135,3
FOP3,Beta,4.843009446631186e-05,-8.805232937447727e-05,0.0003027881612069905,3
FOP3,Delta,0.000501098285894841,0.00015032634837552905,0.0011852511670440435,3
FOP3,GammaH,-0.00029293258558027446,-0.0016663804417476058,0.0007861398626118898,3
FOP3,GammaL,0.00028519335319288075,-0.000414052396081388,0.0008706645458005369,3
FOP3,Ripple,8.387304114876315e-05,-0.0002485007280483842,0.00033749197609722614,3
FOP3,Theta,8.957852696767077e-05,-0.00035304436460137367,0.00059402926126495,3
FOP4,Alpha,0.0021189802791923285,0.0008734045550227165,0.003784910077229142,7
FOP4,Beta,0.004873308818787336,0.0007250714697875082,0.012310351245105267,7
FOP4,Delta,0.00017495114298071712,-0.00013770695659331977,0.00046647057752124965,7
FOP4,GammaH,0.000757587025873363,-7.320548320421949e-05,0.0013346190098673105,7
FOP4,GammaL,0.0004181762342341244,0.00026114340289495885,0.0005787647678516805,7
FOP4,Ripple,0.0027803026605397463,0.00015965383499860764,0.005890995264053345,7
FOP4,Theta,0.001006046892143786,-0.000453155895229429,0.0026381274219602346,7
FOP5,Alpha,0.010496452450752258,0.003534845542162657,0.017891008406877518,4
FOP5,Beta,0.00047275671386159956,0.0002466538571752608,0.0006098875310271978,4
FOP5,Delta,0.0011878290679305792,0.0006421971484087408,0.0017489360179752111,4
FOP5,GammaH,0.0021845835726708174,0.00036144908517599106,0.00456040957942605,4
FOP5,GammaL,0.0024570391979068518,0.0010919985361397266,0.0049166022799909115,4
FOP5,Ripple,-0.00017655608826316893,-0.0002763804513961077,-5.5372220231220126e-05,4
FOP5,Theta,0.03891037777066231,0.005561836529523134,0.10028474032878876,4
FST,Alpha,0.0013056753668934107,0.00045198117732070386,0.00270713004283607,5
FST,Beta,0.0021455269306898117,0.000366336724255234,0.004696034360677004,5
FST,Delta,0.0020607600454241037,0.0009403887088410556,0.0033376615028828382,5
FST,GammaH,0.00029493524925783277,-0.00015034803072921932,0.000928701541852206,5
FST,GammaL,0.0011942958226427436,0.0002929363981820643,0.0020197504200041294,5
FST,Ripple,0.004321739077568054,0.0005415252526290715,0.01000345591455698,5
FST,Theta,0.0010267422767356038,0.00012055384286213666,0.0019241459667682648,5
Hippocampus,Alpha,0.0034194758627563715,0.0008641320164315403,0.006674553733319044,14
Hippocampus,Beta,0.0013400816824287176,0.000602947489824146,0.0020402621012181044,14
Hippocampus,Delta,0.0006364253931678832,-0.0002939622791018337,0.001660318928770721,14
Hippocampus,GammaH,0.009310209192335606,0.004839275497943163,0.01404618751257658,14
Hippocampus,GammaL,0.0016511331778019667,0.0005656333523802459,0.002755536697804928,14
Hippocampus,Ripple,0.004880742635577917,0.00262638577260077,0.0073621016927063465,14
Hippocampus,Theta,0.0005803293897770345,0.00027463232981972396,0.0009171526762656868,14
IFJa,Alpha,0.006581989116966724,0.0004848416429013014,0.017181839793920517,4
IFJa,Beta,0.0007552633760496974,-2.378564386162907e-05,0.0015343124978244305,4
IFJa,Delta,0.018225857987999916,0.0059626754373312,0.04025895893573761,4
IFJa,GammaH,0.00013199314707890153,-0.00030215614242479205,0.0006691406015306711,4
IFJa,GammaL,0.0008681411854922771,0.00030865383450873196,0.0012980180326849222,4
IFJa,Ripple,0.0001963141985470429,-0.00044742797035723925,0.00107743707485497,4
IFJa,Theta,0.001974379178136587,0.001081709866411984,0.002867048606276512,4
IFJp,Alpha,0.002225636038929224,0.002225636038929224,0.002225636038929224,1
IFJp,Beta,-0.00017210791702382267,-0.00017210791702382267,-0.00017210791702382267,1
IFJp,Delta,7.755341357551515e-05,7.755341357551515e-05,7.755341357551515e-05,1
IFJp,GammaH,0.0158799160271883,0.0158799160271883,0.0158799160271883,1
IFJp,GammaL,0.008031007833778858,0.008031007833778858,0.008031007833778858,1
IFJp,Ripple,0.0005419974913820624,0.0005419974913820624,0.0005419974913820624,1
IFJp,Theta,0.00012744421837851405,0.00012744421837851405,0.00012744421837851405,1
IFSa,Alpha,0.0028461632318794727,-0.0005866898573003709,0.008638260886073112,4
IFSa,Beta,0.00039264687802642584,1.7972597561310977e-05,0.0009720481466501951,4
IFSa,Delta,0.0002593790995888412,0.0001272486406378448,0.00042004254646599293,4
IFSa,GammaH,3.32241143041756e-05,-0.00012597582826856524,0.0001863471115939319,4
IFSa,GammaL,3.970746183767915e-05,-0.00012168505054432899,0.00015927304048091173,4
IFSa,Ripple,0.00015394273214042187,-0.00028592452872544527,0.0009629044216126204,4
IFSa,Theta,0.00025599723448976874,-0.0010042248759418726,0.0014700694009661674,4
IFSp,Alpha,0.001291113905608654,-0.0004090108850505203,0.003500999417155981,5
IFSp,Beta,0.0009337633964605629,-7.731076038908213e-05,0.0020832321606576443,5
IFSp,Delta,0.014804847538471222,0.004481627140194178,0.028597792610526085,5
IFSp,GammaH,0.0002591197262518108,2.0331935957074165e-05,0.00043648332939483225,5
IFSp,GammaL,0.0015372103080153465,0.00048491396591998637,0.0032452065497636795,5
IFSp,Ripple,0.0009165303781628609,-8.016518404474482e-05,0.0019132259767502546,5
IFSp,Theta,0.0005726803792640567,-1.0475318049429916e-05,0.0011689664097502828,5
IP0,Alpha,0.00040374358650296926,0.00040374358650296926,0.00040374358650296926,1
IP0,Beta,-4.755333065986633e-05,-4.755333065986633e-05,-4.755333065986633e-05,1
IP0,Delta,0.0034658785443753004,0.0034658785443753004,0.0034658785443753004,1
IP0,GammaH,0.00041926850099116564,0.00041926850099116564,0.00041926850099116564,1
IP0,GammaL,0.0005494938232004642,0.0005494938232004642,0.0005494938232004642,1
IP0,Ripple,-1.5372643247246742e-07,-1.5372643247246742e-07,-1.5372643247246742e-07,1
IP0,Theta,0.0022737672552466393,0.0022737672552466393,0.0022737672552466393,1
IP1,Alpha,0.004001809284090996,-0.0005961989518254995,0.008599817752838135,2
IP1,Beta,0.0004526994307525456,-0.0009258437203243375,0.0018312425818294287,2
IP1,Delta,0.00016154450713656843,-7.907237159088254e-05,0.0004021613858640194,2
IP1,GammaH,2.6877038180828094e-05,-7.190252654254436e-05,0.00012565660290420055,2
IP1,GammaL,1.3121985830366611e-05,-0.00010096072219312191,0.00012720469385385513,2
IP1,Ripple,7.157758955145255e-05,-0.00015321701357606798,0.0002963721926789731,2
IP1,Theta,0.0001344149059150368,-5.067267920821905e-05,0.00031950249103829265,2
IP2,Alpha,0.012077230028808117,0.005701504647731781,0.016949141398072243,3
IP2,Beta,0.006914827972650528,-0.01074017584323883,0.015972016379237175,3
IP2,Delta,0.005412623286247253,-0.0009602094069123268,0.015322460792958736,3
IP2,GammaH,-0.00027254511951468885,-0.0006301153916865587,-6.116752047091722e-05,3
IP2,GammaL,0.0018611075356602669,-0.002131447196006775,0.003995664417743683,3
IP2,Ripple,0.00014930478937458247,-0.0014069033786654472,0.0013337390264496207,3
IP2,Theta,-0.000894744589459151,-0.0024527981877326965,0.0007057292386889458,3
IPS1,Alpha,-0.00027646319358609617,-0.00027646319358609617,-0.00027646319358609617,1
IPS1,Beta,0.0013173052575439215,0.0013173052575439215,0.0013173052575439215,1
IPS1,Delta,0.0002659927122294903,0.0002659927122294903,0.0002659927122294903,1
IPS1,GammaH,0.000204739801120013,0.000204739801120013,0.000204739801120013,1
IPS1,GammaL,0.0006476056296378374,0.0006476056296378374,0.0006476056296378374,1
IPS1,Ripple,-0.00016227102605625987,-0.00016227102605625987,-0.00016227102605625987,1
IPS1,Theta,0.000685687642544508,0.000685687642544508,0.000685687642544508,1
Ig,Alpha,2.1368519810494035e-05,-0.00035727035719901323,0.00040000741137191653,4
Ig,Beta,5.319103365764022e-05,-0.00027179985772818327,0.0003176744794473052,4
Ig,Delta,0.00020268792286515236,1.1669180821627378e-07,0.0004615242942236364,4
Ig,GammaH,0.0028102092910557985,-0.00032696290872991085,0.0075088851153850555,4
Ig,GammaL,-5.583059828495607e-05,-0.0002939689438790083,0.0003183558874297887,4
Ig,Ripple,-3.993783320765942e-05,-0.00025897863088175654,0.00026608986081555486,4
Ig,Theta,-5.710126424673945e-05,-0.00019662767590489239,7.500461651943624e-05,4
LBelt,Alpha,4.485269073484233e-06,-8.417314529651776e-05,0.00012008701014565304,6
LBelt,Beta,0.0003157085448037833,5.341226278687827e-05,0.0006109248497523367,6
LBelt,Delta,-0.0001749984221532941,-0.0003777970850933343,5.664632408297621e-05,6
LBelt,GammaH,-0.0002297870087204501,-0.0005293602007441223,3.9087706682039425e-05,6
LBelt,GammaL,0.00019378936849534512,-5.58987551357859e-07,0.0004658143443521112,6
LBelt,Ripple,0.0001448414259357378,-0.00012757806689478457,0.00044221748248673975,6
LBelt,Theta,-7.915405876701698e-05,-0.00017209591169375926,1.3787811440124642e-05,6
LIPd,Alpha,0.005019363947212696,0.0009850850328803062,0.009053642861545086,2
LIPd,Beta,0.0012384781148284674,0.00019667064771056175,0.002280285581946373,2
LIPd,Delta,0.00011696387082338333,-0.00035006972029805183,0.0005839974619448185,2
LIPd,GammaH,0.0002208762161899358,-0.00017088651657104492,0.0006126389489509165,2
LIPd,GammaL,0.0009854359086602926,0.0008645119378343225,0.001106359763070941,2
LIPd,Ripple,0.000196963082998991,-4.6649889554828405e-05,0.00044057605555281043,2
LIPd,Theta,9.585515363141894e-05,4.610943142324686e-05,0.00014560087583959103,2
LO1,Alpha,0.014449914917349815,0.014449914917349815,0.014449914917349815,1
LO1,Beta,0.001168811577372253,0.001168811577372253,0.001168811577372253,1
LO1,Delta,0.00019311343203298748,0.00019311343203298748,0.00019311343203298748,1
LO1,GammaH,0.0027112497482448816,0.0027112497482448816,0.0027112497482448816,1
LO1,GammaL,7.3824921855703e-05,7.3824921855703e-05,7.3824921855703e-05,1
LO1,Ripple,0.001274881069548428,0.001274881069548428,0.001274881069548428,1
LO1,Theta,6.99741649441421e-05,6.99741649441421e-05,6.99741649441421e-05,1
LO3,Alpha,-0.0007088877609930933,-0.0007088877609930933,-0.0007088877609930933,1
LO3,Beta,-0.00010552362073212862,-0.00010552362073212862,-0.00010552362073212862,1
LO3,Delta,7.807568181306124e-05,7.807568181306124e-05,7.807568181306124e-05,1
LO3,GammaH,-3.968412056565285e-05,-3.968412056565285e-05,-3.968412056565285e-05,1
LO3,GammaL,4.752379027195275e-06,4.752379027195275e-06,4.752379027195275e-06,1
LO3,Ripple,0.0001358803710900247,0.0001358803710900247,0.0001358803710900247,1
LO3,Theta,0.000271761033218354,0.000271761033218354,0.000271761033218354,1
MBelt,Alpha,2.9332455596886575e-05,-0.000362512597348541,0.0004144071717746556,8
MBelt,Beta,-9.716791100800037e-05,-0.00027629267424345016,9.088323713513091e-05,8
MBelt,Delta,0.0002175842091673985,-0.00017932573973666877,0.0006638199556618929,8
MBelt,GammaH,3.0750190489925444e-05,-6.720810779370368e-05,0.00014362644287757576,8
MBelt,GammaL,-0.0004916401230730116,-0.0014724237844347954,0.00012320824316702783,8
MBelt,Ripple,0.00017682618636172265,-0.00032534217461943626,0.0006730062887072563,8
MBelt,Theta,0.001379499793983996,0.0006349405157379806,0.0023090322501957417,8
MI,Alpha,0.006794346030801535,0.0034687835723161697,0.010471873916685581,8
MI,Beta,0.006043128669261932,0.0014931214973330498,0.013550852425396442,8
MI,Delta,0.0011265305802226067,0.00014132412616163492,0.0022555910982191563,8
MI,GammaH,0.0026378510519862175,0.0011055333307012916,0.004871572833508253,8
MI,GammaL,0.00044395943405106664,-0.0001793745905160904,0.001128860516473651,8
MI,Ripple,0.0037823128513991833,0.0005265916115604341,0.009759962558746338,8
MI,Theta,0.009114081040024757,0.0040689874440431595,0.015579165890812874,8
MIP,Alpha,-0.00045781416702084243,-0.001475567347370088,0.001493679010309279,3
MIP,Beta,0.0014217131538316607,-0.0006239029462449253,0.0035553399939090014,3
MIP,Delta,0.011655710637569427,0.0038395740557461977,0.020282108336687088,3
MIP,GammaH,0.00020210084039717913,-0.00016608636360615492,0.0005692292470484972,3
MIP,GammaL,0.0012968148803338408,2.2953201550990343e-05,0.003483245149254799,3
MIP,Ripple,0.0007909783162176609,-0.000566347036510706,0.0017618071287870407,3
MIP,Theta,0.000227780852583237,-0.0002360756043344736,0.0007015778683125973,3
MST,Alpha,0.0002831352176144719,0.0002831352176144719,0.0002831352176144719,1
MST,Beta,0.00016834892448969185,0.00016834892448969185,0.00016834892448969185,1
MST,Delta,0.0002884755958802998,0.0002884755958802998,0.0002884755958802998,1
MST,GammaH,4.726802580989897e-05,4.726802580989897e-05,4.726802580989897e-05,1
MST,GammaL,2.755621972028166e-05,2.755621972028166e-05,2.755621972028166e-05,1
MST,Ripple,0.00013733431114815176,0.00013733431114815176,0.00013733431114815176,1
MST,Theta,0.00015444299788214266,0.00015444299788214266,0.00015444299788214266,1
MT,Alpha,0.0002629897207953036,-0.00024221278727054596,0.0007681922288611531,2
MT,Beta,9.014976967591792e-05,-0.00010949818533845246,0.0002897977246902883,2
MT,Delta,0.0009226949769072235,0.0007233349606394768,0.0011220549931749701,2
MT,GammaH,-0.00018787906446959823,-0.0002798302157316357,-9.592791320756078e-05,2
MT,GammaL,0.00011049589375033975,-0.00031666591530665755,0.000537657702807337,2
MT,Ripple,-0.0002564067835919559,-0.00042088518966920674,-9.192837751470506e-05,2
MT,Theta,0.0003718901425600052,8.436836651526392e-05,0.000659411889500916,2
OFC,Alpha,0.002801096299663186,-7.812194962752983e-05,0.005680314730852842,2
OFC,Beta,-0.0013552476884797215,-0.00351892551407218,0.0008084301371127367,2
OFC,Delta,7.920399366412312e-05,2.1328800357878208e-05,0.00013707918697036803,2
OFC,GammaH,0.00034193554893136024,-0.0004625119036063552,0.0011463830014690757,2
OFC,GammaL,0.0018173980060964823,-0.0003848155029118061,0.004019611515104771,2
OFC,Ripple,-0.00011030491441488266,-0.00019894109573215246,-2.1668733097612858e-05,2
OFC,Theta,0.0048598251305520535,0.00112183578312397,0.008597814477980137,2
OP1,Alpha,0.0005306080565787852,-0.0004159023519605398,0.0017392802983522415,5
OP1,Beta,-0.00011570627975743264,-0.0009772746125236154,0.000478147529065609,5
OP1,Delta,0.0013609712477773428,-0.00026304792845621705,0.003225767519325018,5
OP1,GammaH,0.0007773442775942385,0.00014657582505606115,0.0014522967394441366,5
OP1,GammaL,0.00013510891585610807,-0.00038173250504769385,0.0006428711931221187,5
OP1,Ripple,0.00020997764659114182,-1.1796591934398748e-05,0.0003764682915061712,5
OP1,Theta,0.0006363005377352238,0.0001267377519980073,0.0012309360317885876,5
OP2-3,Alpha,-3.0263327062129974e-06,-0.000300481216982007,0.00029442855156958103,2
OP2-3,Beta,0.00034618459176272154,5.0557893700897694e-05,0.0006418112898245454,2
OP2-3,Delta,4.472157161217183e-05,-3.966642543673515e-05,0.0001291095686610788,2
OP2-3,GammaH,6.986575317569077e-05,5.6181568652391434e-05,8.35499376989901e-05,2
OP2-3,GammaL,0.0004965073894709349,0.0003705723211169243,0.0006224424578249454,2
OP2-3,Ripple,0.001479371334426105,-0.0003660013899207115,0.0033247440587729216,2
OP2-3,Theta,-0.0006415802054107189,-0.0012302291579544544,-5.293131107464433e-05,2
OP4,Alpha,0.00014558981638401747,0.00014558981638401747,0.00014558981638401747,1
OP4,Beta,0.00016622361727058887,0.00016622361727058887,0.00016622361727058887,1
OP4,Delta,0.0007611791370436549,0.0007611791370436549,0.0007611791370436549,1
OP4,GammaH,-1.3086479157209396e-05,-1.3086479157209396e-05,-1.3086479157209396e-05,1
OP4,GammaL,-5.760928615927696e-06,-5.760928615927696e-06,-5.760928615927696e-06,1
OP4,Ripple,-0.00021883845329284668,-0.00021883845329284668,-0.00021883845329284668,1
OP4,Theta,0.0002531199133954942,0.0002531199133954942,0.0002531199133954942,1
PBelt,Alpha,7.223235297715291e-05,-0.0014342019567266107,0.0019538092892616987,3
PBelt,Beta,-3.915198612958193e-05,-0.000560707994736731,0.0005382223171181977,3
PBelt,Delta,-5.410248922999017e-05,-0.00040924930362962186,0.00014030549209564924,3
PBelt,GammaH,-5.744603186030872e-05,-0.0001492403680458665,5.0035992899211124e-05,3
PBelt,GammaL,6.381322600645944e-05,-8.82791937328875e-06,0.00020297127775847912,3
PBelt,Ripple,4.503992386162281e-05,-0.0005897684022784233,0.0010370039381086826,3
PBelt,Theta,-1.2829947991122026e-05,-0.00013073298032395542,0.00013665214646607637,3
PCV,Alpha,0.0009519575978629291,-0.0003648417768999934,0.0029094095807522535,3
PCV,Beta,-9.244618013326544e-06,-5.6880293413996696e-05,7.148063741624355e-05,3
PCV,Delta,0.0001774564734660089,-5.346217949409038e-05,0.0006379754631780088,3
PCV,GammaH,6.038679930497892e-05,-0.0005198286380618811,0.0005051062908023596,3
PCV,GammaL,-0.0008050762116909027,-0.001326879020780325,-9.336834773421288e-05,3
PCV,Ripple,0.00033750187139958143,-0.0003002671292051673,0.0013065580278635025,3
PCV,Theta,0.0012841816060245037,0.0006592369172722101,0.00237726466730237,3
PEF,Alpha,0.0015125743811950088,0.0006274244515225291,0.002355747390538454,4
PEF,Beta,0.0014403645182028413,0.0003591615823097527,0.002745112869888544,4
PEF,Delta,0.0006010244833305478,-0.00040763820288702846,0.0014136026147753,4
PEF,GammaH,0.010872455313801765,0.0003815124509856105,0.025432098656892776,4
PEF,GammaL,0.00048067301395349205,9.148512617684901e-05,0.0010607745498418808,4
PEF,Ripple,0.002683136845007539,0.0009817027021199465,0.0043845707550644875,4
PEF,Theta,0.0004702372243627906,-5.7988319895230234e-05,0.0013339329743757844,4
PF,Alpha,0.001285409089177847,0.0003611910797189921,0.002410947810858488,5
PF,Beta,0.0007737224805168808,-0.00017766898963600397,0.0015992861008271575,5
PF,Delta,0.00029815552989020944,-0.0008982081199064851,0.001494519179686904,5
PF,GammaH,0.0008632798562757671,-0.0002951152855530381,0.0017313130665570498,5
PF,GammaL,0.0006201037904247642,-9.831262286752462e-05,0.001333508058451116,5
PF,Ripple,0.00021415673836600035,9.620143100619316e-05,0.000329069618601352,5
PF,Theta,0.0017489709425717592,0.0003618286282289773,0.003254929091781378,5
PFcm,Alpha,2.500589471310377e-05,-0.0002535067033022642,0.00041274691466242075,3
PFcm,Beta,0.0001125107446569018,2.799070171022322e-05,0.00023154914379119873,3
PFcm,Delta,0.0011693801498040557,0.00022763689048588276,0.0016520690405741334,3
PFcm,GammaH,0.0009091976098716259,-0.0006093583069741726,0.0037992883007973433,3
PFcm,GammaL,4.394288407638669e-05,-0.00034447864163666964,0.00026139523833990097,3
PFcm,Ripple,0.001547490363009274,0.0005329051055014133,0.0026195337995886803,3
PFcm,Theta,0.000408512307330966,-0.00047756475396454334,0.0017891069874167442,3
PFm,Alpha,0.0007964487303979695,-0.0007403727504424751,0.0036742694210261106,3
PFm,Beta,0.0008299476467072964,-0.0011806527618318796,0.003426178591325879,3
PFm,Delta,0.0016269859625026584,0.00033928407356143,0.0035802358761429787,3
PFm,GammaH,0.0005074276123195887,-0.00019992150191683322,0.0010747238993644714,3
PFm,GammaL,-1.8284190446138382e-06,-0.0012693919707089663,0.001038429792970419,3
PFm,Ripple,0.00035809146356768906,2.454666537232697e-05,0.0007604567799717188,3
PFm,Theta,0.0005955359083600342,-0.00012211402645334601,0.0015904717147350311,3
PFop,Alpha,0.0016121743246912956,-0.0005595689290203154,0.005188033916056156,4
PFop,Beta,0.00020064912678208202,0.00010341141023673117,0.00029788684332743287,4
PFop,Delta,0.0005214593256823719,0.0004162775003351271,0.0006033950485289097,4
PFop,GammaH,-0.00012789046741090715,-0.0002663531922735274,2.8613278118427843e-05,4
PFop,GammaL,0.0012486334890127182,0.0004211004124954343,0.0020761664491146803,4
PFop,Ripple,0.00042642169864848256,0.00016681663691997528,0.0006860267603769898,4
PFop,Theta,0.0005221309838816524,0.000170609331689775,0.0011138409608975053,4
PFt,Alpha,0.000765336153563112,-0.00038899813080206513,0.002476717811077833,5
PFt,Beta,0.0002078833495033905,-0.0002493212232366204,0.0006761862896382809,5
PFt,Delta,0.000839846208691597,-0.00019433200941421092,0.00209500128403306,5
PFt,GammaH,8.646112837595865e-05,-3.409630880923942e-05,0.0001883769582491368,5
PFt,GammaL,0.0007566792191937566,0.00018872000509873033,0.0013947953702881932,5
PFt,Ripple,-3.655227556009777e-05,-0.0007144393748603761,0.0004796345310751349,5
PFt,Theta,0.00234681973233819,-0.000666350475512445,0.004821957554668188,5
PGi,Alpha,0.0002058639656752348,-8.584262104704976e-06,0.0004427289532031864,5
PGi,Beta,0.0005797499907203019,0.00019880791660398245,0.0009456416592001915,5
PGi,Delta,0.00035662672598846257,9.676274930825457e-05,0.0007234396762214601,5
PGi,GammaH,0.00033100260770879686,2.4411565391346812e-05,0.0006631850264966488,5
PGi,GammaL,0.004267740063369274,0.0019448930397629738,0.007041485048830509,5
PGi,Ripple,-0.000354901043465361,-0.0006405058084055781,-0.00011903761333087459,5
PGi,Theta,0.0022775144316256046,0.00130721356254071,0.0032849484123289585,5
PGp,Alpha,0.0014802911318838596,-0.00043736747466027737,0.0033979497384279966,2
PGp,Beta,0.0005512661300599575,0.0005260801990516484,0.0005764520028606057,2
PGp,Delta,0.0024443729780614376,0.0014826760161668062,0.0034060697071254253,2
PGp,GammaH,0.0010979250073432922,0.0002651071408763528,0.0019307429902255535,2
PGp,GammaL,0.00013657868839800358,-4.290323704481125e-05,0.0003160606138408184,2
PGp,Ripple,0.0002976390242110938,0.00025570369325578213,0.00033957435516640544,2
PGp,Theta,0.0014832124579697847,0.000268751522526145,0.0026976733934134245,2
PGs,Alpha,0.002342966850847006,0.0004082494415342808,0.005649330094456673,4
PGs,Beta,0.002854508813470602,0.0007263816660270095,0.005078423768281937,4
PGs,Delta,0.002949137007817626,-0.00028626155108213425,0.006184535566717386,4
PGs,GammaH,0.0001237961696460843,-0.0005544813466258347,0.001011859392747283,4
PGs,GammaL,5.128356860950589e-05,-0.000568865449167788,0.0008940231637097895,4
PGs,Ripple,0.00028318530530668795,-0.00036253914004191756,0.0007695290842093527,4
PGs,Theta,0.0002119385462719947,-7.098063360899687e-05,0.0004350848321337253,4
PH,Alpha,0.00440130103379488,-0.0002726474776864052,0.011261925101280212,4
PH,Beta,0.001744297449477017,0.0006136035080999136,0.0028749913908541203,4
PH,Delta,0.0055609759874641895,0.0007462070789188147,0.01251852884888649,4
PH,GammaH,0.005064940545707941,0.0003844809252768755,0.012810148298740387,4
PH,GammaL,0.004054677672684193,0.0007597696967422962,0.008528413251042366,4
PH,Ripple,0.0018077576532959938,0.00031465361826121807,0.0028358018025755882,4
PH,Theta,0.006054130848497152,-0.0014292330015450716,0.0175827257335186,4
PHA1,Alpha,0.0008389967842958868,-0.001934958272613585,0.004132634494453669,6
PHA1,Beta,0.0024801581166684628,0.00043853616807609797,0.0046286084689199924,6
PHA1,Delta,0.00976224523037672,0.005299665033817291,0.014076453633606434,6
PHA1,GammaH,-0.0002596697595436126,-0.0010320475557819009,0.0005127079784870148,6
PHA1,GammaL,0.0025185984559357166,8.367544978682417e-06,0.005318973213434219,6
PHA1,Ripple,0.000731731066480279,-0.00043206464033573866,0.0024058225098997355,6
PHA1,Theta,0.0023479775991290808,-0.00013169429439585656,0.004555483814328909,6
PHA2,Alpha,0.0039411685429513454,8.91928793862462e-05,0.011614076793193817,3
PHA2,Beta,0.00047752601676620543,-0.004932708106935024,0.00562126561999321,3
PHA2,Delta,0.018098579719662666,0.013939689844846725,0.025008410215377808,3
PHA2,GammaH,0.00044592315680347383,-0.00036047599860467017,0.0013880127808079123,3
PHA2,GammaL,0.0026046063285320997,0.0014551682397723198,0.003532463451847434,3
PHA2,Ripple,0.0004469572158996016,-0.005931617692112923,0.0038414616137742996,3
PHA2,Theta,0.0045548719353973866,-0.00020337803289294243,0.013459712266921997,3
PHA3,Alpha,0.007958383299410343,0.0038258677814155817,0.011381102725863457,7
PHA3,Beta,0.007335143629461527,0.004344976507127285,0.011640319600701332,7
PHA3,Delta,0.01253295037895441,0.007218680344521999,0.01763141341507435,7
PHA3,GammaH,0.0016787424683570862,0.0008343427325598896,0.0026060878299176693,7
PHA3,GammaL,0.015012278221547604,0.006444137077778578,0.0245894193649292,7
PHA3,Ripple,0.000635163567494601,-0.0006763961282558739,0.0016492197755724192,7
PHA3,Theta,0.0025975557509809732,0.0010341479210183024,0.004119704943150282,7
PHT,Alpha,0.005843578837811947,0.0017017524223774672,0.009985405020415783,4
PHT,Beta,6.873035454191267e-05,-0.0002847802243195474,0.0004399813187774271,4
PHT,Delta,0.0028550317510962486,0.0006736190989613533,0.005036444403231144,4
PHT,GammaH,0.00028769951313734055,-0.000965961953625083,0.001704858848825097,4
PHT,GammaL,0.0014863989781588316,0.0006062529864721,0.0023665449116379023,4
PHT,Ripple,0.0002776526671368629,-0.0001194856595247984,0.0007250288035720587,4
PHT,Theta,0.0003067227080464363,-0.0003341322881169617,0.0006776052759960294,4
PI,Alpha,0.0003040802257601172,-0.0001382302725687623,0.0008381681400351226,3
PI,Beta,-0.00022981864458415657,-0.0012400478590279818,0.00040567442192696035,3
PI,Delta,-0.0002613537071738392,-0.00047023719525896013,9.457560372538865e-05,3
PI,GammaH,-2.355602009629365e-05,-0.0006789808976463974,0.0006158013129606843,3
PI,GammaL,-0.00010139220830751583,-0.00035792088601738214,0.00025466890656389296,3
PI,Ripple,-0.0005620738375000656,-0.0012552612461149693,0.0001808946835808456,3
PI,Theta,0.00010474654845893383,1.1944430298171937e-05,0.00027031206991523504,3
POS1,Alpha,0.000796276202891022,-0.00044935234473086894,0.0022669455502182245,3
POS1,Beta,0.0010156134376302361,0.0005731555866077542,0.0013547319686040282,3
POS1,Delta,0.00034790337667800486,-0.0004802259209100157,0.0011980573181062937,3
POS1,GammaH,0.00028495967853814363,0.00020837776537518948,0.00037597306072711945,3
POS1,GammaL,0.005111427512019873,0.0033793337643146515,0.006018766667693853,3
POS1,Ripple,0.0001289529463974759,-0.00011600065045058727,0.0004339461447671056,3
POS1,Theta,0.0019147094571962953,0.0008908137679100037,0.0032334208954125643,3
POS2,Alpha,0.010749200358986855,-0.004072472453117371,0.018824607133865356,4
POS2,Beta,0.0038361025508493185,0.0006104105850681663,0.007676676847040653,4
POS2,Delta,0.001769345486536622,0.0009149056277237833,0.002937417710199952,4
POS2,GammaH,-0.00016862612392287701,-0.0003966640215367079,-9.978015441447496e-06,4
POS2,GammaL,3.2680960430298e-05,-7.53122367314063e-05,0.0001346848875982687,4
POS2,Ripple,0.0028182975947856903,-0.002342156134545803,0.007978750392794609,4
POS2,Theta,0.0005101521965116262,0.0002697139570955187,0.0007585098501294851,4
PSL,Alpha,0.00035748956725001335,0.00035748956725001335,0.00035748956725001335,1
PSL,Beta,0.0009527018992230296,0.0009527018992230296,0.0009527018992230296,1
PSL,Delta,0.0007931755390018225,0.0007931755390018225,0.0007931755390018225,1
PSL,GammaH,-1.2786244042217731e-05,-1.2786244042217731e-05,-1.2786244042217731e-05,1
PSL,GammaL,0.0001764342887327075,0.0001764342887327075,0.0001764342887327075,1
PSL,Ripple,0.0008258662419393659,0.0008258662419393659,0.0008258662419393659,1
PSL,Theta,-2.777988265734166e-05,-2.777988265734166e-05,-2.777988265734166e-05,1
PeEc,Alpha,0.005100496578961611,0.0015781025867909193,0.010927541181445122,7
PeEc,Beta,0.0005977926775813103,0.00010125711560249329,0.0011776619357988238,7
PeEc,Delta,0.0005939383408986032,0.00023881910601630807,0.0009545028442516923,7
PeEc,GammaH,0.0007078713388182223,3.29666945617646e-05,0.0013989864382892847,7
PeEc,GammaL,0.00015004149463493377,-0.0010016297455877066,0.0011296987067908049,7
PeEc,Ripple,0.003079074202105403,-0.0001925619872054085,0.008082820102572441,7
PeEc,Theta,0.00107758108060807,0.00029130582697689533,0.0018184831133112311,7
Pir,Alpha,-0.00028641000972129405,-0.0005101171554997563,-6.270287121878937e-05,2
Pir,Beta,-4.536949563771486e-05,-0.0001721471780911088,8.140818681567907e-05,2
Pir,Delta,8.880411041900516e-05,6.163405487313867e-05,0.00011597416596487164,2
Pir,GammaH,7.239403203129768e-05,-0.00037590041756629944,0.0005206884816288948,2
Pir,GammaL,0.0001675574021646753,-0.00013517949264496565,0.00047029429697431624,2
Pir,Ripple,-2.7588488592300564e-05,-6.226477853488177e-05,7.0878013502806425e-06,2
Pir,Theta,-0.0001874450535979122,-0.00023693923139944673,-0.00013795087579637766,2
PoI1,Alpha,0.00017796139582060277,-0.00011840967636089772,0.0005321796634234488,10
PoI1,Beta,0.000509354576934129,0.0001292595552513376,0.0009819973492994905,10
PoI1,Delta,0.0007860694313421845,-5.9021549532189965e-06,0.001576812588609755,10
PoI1,GammaH,0.001412976416759193,0.0005940773990005255,0.002238378394395113,10
PoI1,GammaL,0.0004241852439008653,0.0002415332564851269,0.0006158874602988362,10
PoI1,Ripple,0.0010648679453879595,0.00024096822016872466,0.0020066271536052227,10
PoI1,Theta,0.0006959903403185308,0.00014484213897958398,0.0013261649291962385,10
PoI2,Alpha,0.0003864336758852005,-9.60976758506149e-05,0.0008144084713421762,6
PoI2,Beta,0.0016222009435296059,0.00044375695870257914,0.002951930509880185,6
PoI2,Delta,0.0004979826626367867,0.00012959574814885855,0.0009206372778862715,6
PoI2,GammaH,0.0007181772962212563,-5.044680801802315e-05,0.0017049707239493728,6
PoI2,GammaL,0.00029954005731269717,5.542921371670673e-06,0.0006121740443632007,6
PoI2,Ripple,0.0008083237917162478,-2.4065491743385792e-05,0.001798471319489181,6
PoI2,Theta,2.732579923758749e-05,-0.00019308832997921854,0.0002610597584862262,6
PreS,Alpha,0.0023852279409766197,0.0010278589325025678,0.0036120463628321886,6
PreS,Beta,0.0018826680025085807,0.00046974679571576416,0.003140147076919675,6
PreS,Delta,6.395296077243984e-05,-0.0003371239872649312,0.00044935932965017855,6
PreS,GammaH,0.0004001136403530836,-0.0002885092981159687,0.000980579643510282,6
PreS,GammaL,0.0005347528494894505,-8.541235729353502e-05,0.0013376763090491295,6
PreS,Ripple,0.00035879435017704964,6.647084228461608e-05,0.0007447591633535922,6
PreS,Theta,0.00023373567091766745,3.855742033920251e-05,0.0004404562059789896,6
Putamen,Alpha,0.0001592111075296998,8.546735625714064e-05,0.00023295485880225897,2
Putamen,Beta,-0.0005653788102790713,-0.0008144763996824622,-0.00031628127908334136,2
Putamen,Delta,0.0005375255132094026,-0.00036140577867627144,0.0014364568050950766,2
Putamen,GammaH,-0.00016342094750143588,-0.000250194629188627,-7.664725126232952e-05,2
Putamen,GammaL,3.453585668466985e-05,-0.00011348241241648793,0.00018255412578582764,2
Putamen,Ripple,-0.0001841060002334416,-0.00046313763596117496,9.492563549429178e-05,2
Putamen,Theta,0.00048097717808559537,-0.0005264722276479006,0.0014884265838190913,2
RI,Alpha,0.00019904898363165557,3.1229108572006226e-05,0.0003668688586913049,4
RI,Beta,0.0003864119353238493,-5.0201560952700675e-05,0.0008607378113083541,4
RI,Delta,0.000409214582759887,0.00017252069665119052,0.0006519205635413527,4
RI,GammaH,0.0004602230910677463,-0.0008155343821272254,0.0016215606592595577,4
RI,GammaL,-0.00011204661859665066,-0.0004573929472826421,0.0002332997100893408,4
RI,Ripple,0.0006422881269827485,-0.0006019315915182233,0.0014545343583449721,4
RI,Theta,0.0004474031156860292,3.3878604881465435e-05,0.0009518307633697987,4
RSC,Alpha,0.003918180707842112,0.0010605311254039407,0.007578810211271048,8
RSC,Beta,0.00041929169674403965,-0.0001894802990136668,0.0010453063296154141,8
RSC,Delta,0.0009352967026643455,-0.0002390701847616583,0.002269404474645853,8
RSC,GammaH,0.00033899099798873067,7.153084879973903e-05,0.0005844815750606358,8
RSC,GammaL,0.00020340774790383875,-3.37835808750242e-05,0.00044838315807282925,8
RSC,Ripple,-7.762832683511078e-05,-0.0005609366926364601,0.00040342126158066094,8
RSC,Theta,0.010148425586521626,0.006570372264832258,0.014086438342928886,8
SCEF,Alpha,-0.0003757147351279855,-0.0003757147351279855,-0.0003757147351279855,1
SCEF,Beta,2.3315367798204534e-05,2.3315367798204534e-05,2.3315367798204534e-05,1
SCEF,Delta,0.0003906304482370615,0.0003906304482370615,0.0003906304482370615,1
SCEF,GammaH,0.0004165725549682975,0.0004165725549682975,0.0004165725549682975,1
SCEF,GammaL,2.3563297872897238e-05,2.3563297872897238e-05,2.3563297872897238e-05,1
SCEF,Ripple,-3.0190596589818597e-05,-3.0190596589818597e-05,-3.0190596589818597e-05,1
SCEF,Theta,0.00014644558541476727,0.00014644558541476727,0.00014644558541476727,1
STGa,Alpha,0.0005888785235583782,0.00024076568661257625,0.0009672630112618208,4
STGa,Beta,-8.293257269542664e-05,-0.00019855225400533527,5.3723302698927e-05,4
STGa,Delta,-3.3169155358336866e-05,-0.0003606952668633312,0.0001833368733059615,4
STGa,GammaH,0.0002781127404887229,8.749761036597192e-06,0.0005474757053889334,4
STGa,GammaL,0.0011613396927714348,7.087181438691914e-05,0.002171870321035385,4
STGa,Ripple,0.00015720902592875063,-0.00037821027217432857,0.0006926283240318298,4
STGa,Theta,0.0008234942215494812,-0.00012797302042599767,0.002080124570056796,4
STSda,Alpha,0.0010365083580836654,-0.0005098191322758794,0.00286069861613214,5
STSda,Beta,0.000780804140958935,-0.0002167086786357686,0.0018400109838694334,5
STSda,Delta,0.001264846883714199,0.0001062485171132721,0.002202290575951338,5
STSda,GammaH,0.0005154485115781426,2.8113159714848734e-05,0.0011709056561812758,5
STSda,GammaL,0.0002208496443927288,-0.00025958340847864747,0.0007093342719599605,5
STSda,Ripple,0.0008043065899983048,0.00014090925105847418,0.001251828158274293,5
STSda,Theta,0.0005968914483673871,0.000169253908097744,0.0011081097181886435,5
STSdp,Alpha,-0.00039655170985497534,-0.0006994156283326447,-0.00010871978156501427,7
STSdp,Beta,0.0013149126898497343,0.0005341555224731565,0.002264174399897456,7
STSdp,Delta,0.0005682753399014473,-0.0003042672760784626,0.0014106022426858544,7
STSdp,GammaH,0.0003911796084139496,-0.0003404281160328537,0.0013602192047983408,7
STSdp,GammaL,0.0005901939002797008,-0.00010857596498681232,0.0013868423411622643,7
STSdp,Ripple,0.0004007632378488779,-0.000638766388874501,0.0018709588330239058,7
STSdp,Theta,-0.00014774431474506855,-0.0005985953030176461,0.00020122213754802942,7
STSva,Alpha,0.001777447760105133,0.0003600400814320892,0.0032271104864776134,11
STSva,Beta,0.000421343109337613,-9.562394552631304e-05,0.0009597847820259631,11
STSva,Delta,0.00027518506976775825,-0.0006054578116163611,0.0012246824335306883,11
STSva,GammaH,-6.0932627093279734e-05,-0.0014680179301649332,0.0010732332011684775,11
STSva,GammaL,0.00040071766125038266,3.265650229877792e-05,0.0008285216172225773,11
STSva,Ripple,0.0004477303591556847,-0.0008438269724138081,0.0017536032246425748,11
STSva,Theta,0.0003780017723329365,7.7933567808941e-05,0.0006808310863561928,11
STSvp,Alpha,0.014861312694847584,0.003799604484811425,0.02883329428732395,7
STSvp,Beta,0.0010341752786189318,0.000417850271333009,0.001726949936710298,7
STSvp,Delta,0.00029988729511387646,5.492853688338073e-06,0.0006347781745716929,7
STSvp,GammaH,0.0005716431187465787,-8.03328730398789e-05,0.0012830906780436635,7
STSvp,GammaL,0.000953740905970335,0.0004516498593147844,0.0015020680148154497,7
STSvp,Ripple,0.0004003070935141295,0.00019431862165220082,0.0006304953130893409,7
STSvp,Theta,0.0033023522701114416,0.0006575695588253438,0.005999721121042967,7
STV,Alpha,0.00019043702923227102,-5.697071901522577e-05,0.00042218566522933543,3
STV,Beta,0.00017276185099035501,-0.0006530254031531513,0.0006354686338454485,3
STV,Delta,-2.1877631297684275e-05,-0.00026501479442231357,0.00027322297682985663,3
STV,GammaH,0.0002889201568905264,0.0002151306252926588,0.00041463784873485565,3
STV,GammaL,0.0004637667443603277,1.3213139027357101e-06,0.0007971301674842834,3
STV,Ripple,1.686869654804468e-05,-0.0003713296027854085,0.0003185851965099573,3
STV,Theta,-5.379645153880119e-05,-0.00017121247947216034,1.1051073670387268e-05,3
TA2,Alpha,0.00017250246310140938,-3.0845520086586475e-05,0.0003453553654253483,3
TA2,Beta,0.00013464661606121808,8.026651630643755e-05,0.00016232268535532057,3
TA2,Delta,0.0012684217654168606,-0.0002460549585521221,0.002398609183728695,3
TA2,GammaH,-0.0004037620092276484,-0.0010839961469173431,0.0003764643333852291,3
TA2,GammaL,0.0007660952396690845,0.00034707458689808846,0.0010589758167043328,3
TA2,Ripple,0.0003964439674746245,-0.00040049999370239675,0.0014504104619845748,3
TA2,Theta,0.00021927844500169158,-0.0001383702619932592,0.0004941633669659495,3
TE1a,Alpha,0.0002578134008217603,-0.0002848877338692546,0.000718609313480556,11
TE1a,Beta,0.00024498949642293155,-8.902299305191264e-05,0.0005675085121765733,11
TE1a,Delta,0.000711779051925987,8.662223990540951e-05,0.0014706319198012352,11
TE1a,GammaH,7.6532487582881e-05,-0.0008776479517109692,0.0008417248027399182,11
TE1a,GammaL,0.00021133753762114793,-9.800057887332514e-05,0.0005403624381870031,11
TE1a,Ripple,0.0017153500812128186,0.000911321141757071,0.002475085435435176,11
TE1a,Theta,0.0010797110153362155,0.0003703281399793923,0.001909807906486094,11
TE1m,Alpha,0.002301684580743313,0.0008596780244261026,0.003909910097718239,8
TE1m,Beta,0.0011608999921008945,-0.0005311262793838978,0.002533785067498684,8
TE1m,Delta,0.0007721621077507734,0.00031414753175340593,0.0012372960336506367,8
TE1m,GammaH,0.00038662407314404845,-0.00022411886311601847,0.0009679928771220148,8
TE1m,GammaL,0.0012691568117588758,0.00025501492200419307,0.002361118793487549,8
TE1m,Ripple,0.0006750040920451283,-0.0003239797370042652,0.0018568411469459534,8
TE1m,Theta,0.0030694634187966585,0.0010257229441776872,0.004677862860262394,8
TE1p,Alpha,0.0010873060673475266,0.000639157195109874,0.001629296108148992,10
TE1p,Beta,0.0010021787602454424,-0.0003204717650078237,0.0023891176097095013,10
TE1p,Delta,0.0015700043877586722,-0.0003744417626876384,0.0036860366817563772,10
TE1p,GammaH,0.0005209390074014664,0.00028530231793411076,0.0007541115628555417,10
TE1p,GammaL,0.0016528064152225852,0.0007179848034866154,0.0026264034677296877,10
TE1p,Ripple,0.0016879087779670954,0.000679662567563355,0.003170934971421957,10
TE1p,Theta,0.00892939604818821,0.0038709130603820086,0.014074666425585747,10
TE2a,Alpha,0.0030737691558897495,0.0012935282429680228,0.005225049331784248,10
TE2a,Beta,0.0004116256604902446,-0.0003583942016121,0.0014036687789484859,10
TE2a,Delta,0.0012118204031139612,-0.00038718205178156495,0.0031449333764612675,10
TE2a,GammaH,0.00031709743780083954,8.149031782522798e-05,0.0005383816896937788,10
TE2a,GammaL,0.00028561975341290236,-0.0003108633973170072,0.0008930711192078888,10
TE2a,Ripple,0.0001358074659947306,-7.836231088731438e-05,0.0003340380499139428,10
TE2a,Theta,0.0016612561885267496,0.0004316072736401111,0.002980840625241399,10
TE2p,Alpha,0.0018703796667978168,0.00038190255872905254,0.0033649259712547064,9
TE2p,Beta,0.0026515345089137554,0.0009242818341590464,0.004628333728760481,9
TE2p,Delta,0.0013512978330254555,0.000710965134203434,0.0021201414056122303,9
TE2p,GammaH,0.0016983314417302608,0.0009700060472823679,0.002487822202965617,9
TE2p,GammaL,0.0007829484529793262,-0.000555794860702008,0.0019869611132889986,9
TE2p,Ripple,0.003728009294718504,0.002215562853962183,0.0052301581017673016,9
TE2p,Theta,0.0006237627821974456,0.0002687413361854851,0.0010331172961741686,9
TF,Alpha,0.006722688674926758,0.0028340155258774757,0.012530715204775333,8
TF,Beta,0.0008317970205098391,2.431935354252346e-05,0.0016041382914409041,8
TF,Delta,0.0018611401319503784,0.0007509909919463098,0.003169711446389556,8
TF,GammaH,0.0004099803336430341,-0.0002523880684748292,0.001044479664415121,8
TF,GammaL,0.0021245151292532682,0.0008537722169421613,0.003220117185264826,8
TF,Ripple,0.000756647961679846,0.0002187170321121812,0.0014496772782877088,8
TF,Theta,0.0003633926680777222,-9.2441332526505e-06,0.0006293630576692522,8
TGd,Alpha,0.004655554424971342,-0.0008158966666087508,0.011352616362273693,10
TGd,Beta,0.0004466178361326456,-0.0005513686337508261,0.0014127271715551615,10
TGd,Delta,0.0002030233881669119,-0.00020661941380240023,0.0006205710233189166,10
TGd,GammaH,0.002832498401403427,0.0010112898889929056,0.00561307230964303,10
TGd,GammaL,0.0004297253617551178,5.641749157803133e-05,0.0007857753662392497,10
TGd,Ripple,0.0012493132380768657,0.00041230101487599313,0.002204346703365445,10
TGd,Theta,0.00021905978792347014,-0.00011280285252723843,0.0005510962218977511,10
TGv,Alpha,0.0009520857711322606,3.487017238512635e-05,0.0014963237335905433,3
TGv,Beta,0.003750208066776395,-0.0006408337503671646,0.008204670622944832,3
TGv,Delta,0.00029949916643090546,-0.00030962389428168535,0.0009454709943383932,3
TGv,GammaH,0.0013255380326882005,-0.0007243349100463092,0.002674485556781292,3
TGv,GammaL,-4.4315122067928314e-05,-0.0006326440488919616,0.00028046220541000366,3
TGv,Ripple,0.003109397366642952,0.0020840130746364594,0.0043768673203885555,3
TGv,Theta,0.001401094370521605,0.0011090283514931798,0.0017884377157315612,3
TPOJ1,Alpha,0.000287380040390417,6.055206176824868e-05,0.0004823780036531389,4
TPOJ1,Beta,-0.00019088544650003314,-0.00046070944517850876,0.00013955571921542287,4
TPOJ1,Delta,-0.0006577125168405473,-0.002311255317181349,0.0015911147929728031,4
TPOJ1,GammaH,-0.0005682967603206635,-0.0008945718873292208,-0.0001559965021442622,4
TPOJ1,GammaL,-0.00017088641470763832,-0.0009337553638033569,0.00029403329244814813,4
TPOJ1,Ripple,0.0009559863246977329,0.0003532287082634866,0.001533946138806641,4
TPOJ1,Theta,1.0261872375849634e-05,-8.796255860943347e-05,0.0001143141053034924,4
TPOJ2,Alpha,0.0015281765954568982,0.00032331908005289733,0.003139758249744773,6
TPOJ2,Beta,0.002547117881476879,-0.0006752380286343396,0.006561963353306055,6
TPOJ2,Delta,8.994096424430609e-05,-0.0003731459437403828,0.00052980164764449,6
TPOJ2,GammaH,0.0006254318286664784,0.00012884246825706214,0.001198671874590218,6
TPOJ2,GammaL,0.0005904505960643291,8.555827662348747e-05,0.001095342799089849,6
TPOJ2,Ripple,0.0013661985285580158,-0.00027526597841642797,0.0034133007284253836,6
TPOJ2,Theta,0.00029155766242183745,-3.0514267564285547e-05,0.0006013084203004837,6
TPOJ3,Alpha,0.0004219736438244581,0.0004219736438244581,0.0004219736438244581,1
TPOJ3,Beta,5.381385562941432e-06,5.381385562941432e-06,5.381385562941432e-06,1
TPOJ3,Delta,8.972905925475061e-05,8.972905925475061e-05,8.972905925475061e-05,1
TPOJ3,GammaH,0.002426913008093834,0.002426913008093834,0.002426913008093834,1
TPOJ3,GammaL,0.000540789682418108,0.000540789682418108,0.000540789682418108,1
TPOJ3,Ripple,0.00019300820713397115,0.00019300820713397115,0.00019300820713397115,1
TPOJ3,Theta,-9.633367881178856e-06,-9.633367881178856e-06,-9.633367881178856e-06,1
V1,Alpha,0.0003852616937365383,0.00010408414527773857,0.0006285415729507804,5
V1,Beta,0.0010875777807086706,0.000306764617562294,0.001833679503761232,5
V1,Delta,6.35645556030795e-05,-0.0003824432205874473,0.00044171573244966567,5
V1,GammaH,0.0016522392397746444,0.00013583274267148226,0.0028148579876869917,5
V1,GammaL,0.00048596030683256686,-0.0002755541354417801,0.0015040982980281115,5
V1,Ripple,0.002645265543833375,-5.6254306400660425e-05,0.00620240205898881,5
V1,Theta,-9.856573160504922e-05,-0.0004941858351230621,0.00020687314099632204,5
V2,Alpha,0.0014676061691716313,0.0005585817852988839,0.002376630436629057,5
V2,Beta,0.0002571169170551002,8.111959687084891e-06,0.0005148855270817876,5
V2,Delta,-5.430204328149557e-05,-0.0002937636454589665,0.0001851595879998058,5
V2,GammaH,0.0009036973351612687,-0.0003679559740703553,0.0023807634133845568,5
V2,GammaL,0.0006536727305501699,-0.00010743320308392867,0.0014475977513939142,5
V2,Ripple,-0.0008050688775256276,-0.0017517795786261559,0.0002013982302742079,5
V2,Theta,0.0004435006412677467,-2.4932309315772727e-05,0.0009080537711270154,5
V3,Alpha,-4.961853846907616e-06,-4.961853846907616e-06,-4.961853846907616e-06,1
V3,Beta,0.00011172809172421694,0.00011172809172421694,0.00011172809172421694,1
V3,Delta,0.001089360099285841,0.001089360099285841,0.001089360099285841,1
V3,GammaH,0.00021163048222661018,0.00021163048222661018,0.00021163048222661018,1
V3,GammaL,0.0006739692762494087,0.0006739692762494087,0.0006739692762494087,1
V3,Ripple,-0.0001112732570618391,-0.0001112732570618391,-0.0001112732570618391,1
V3,Theta,0.0014795379247516394,0.0014795379247516394,0.0014795379247516394,1
V3A,Alpha,2.07521952688694e-05,2.07521952688694e-05,2.07521952688694e-05,1
V3A,Beta,0.000417918898165226,0.000417918898165226,0.000417918898165226,1
V3A,Delta,0.000952806556597352,0.000952806556597352,0.000952806556597352,1
V3A,GammaH,0.00031680421670898795,0.00031680421670898795,0.00031680421670898795,1
V3A,GammaL,-0.00021017948165535927,-0.00021017948165535927,-0.00021017948165535927,1
V3A,Ripple,0.0008250391110777855,0.0008250391110777855,0.0008250391110777855,1
V3A,Theta,0.0009111067047342658,0.0009111067047342658,0.0009111067047342658,1
V3CD,Alpha,0.00609359098598361,0.00609359098598361,0.00609359098598361,1
V3CD,Beta,0.0018810757901519537,0.0018810757901519537,0.0018810757901519537,1
V3CD,Delta,0.0019776655826717615,0.0019776655826717615,0.0019776655826717615,1
V3CD,GammaH,0.0003868491039611399,0.0003868491039611399,0.0003868491039611399,1
V3CD,GammaL,2.7123867766931653e-05,2.7123867766931653e-05,2.7123867766931653e-05,1
V3CD,Ripple,0.003936730325222015,0.003936730325222015,0.003936730325222015,1
V3CD,Theta,-6.86757848598063e-05,-6.86757848598063e-05,-6.86757848598063e-05,1
V4,Alpha,0.0023497426882386208,0.0023497426882386208,0.0023497426882386208,1
V4,Beta,0.00022077586618252099,0.00022077586618252099,0.00022077586618252099,1
V4,Delta,0.00021670205751433969,0.00021670205751433969,0.00021670205751433969,1
V4,GammaH,0.001067437813617289,0.001067437813617289,0.001067437813617289,1
V4,GammaL,-2.633023541420698e-06,-2.633023541420698e-06,-2.633023541420698e-06,1
V4,Ripple,0.003020787611603737,0.003020787611603737,0.003020787611603737,1
V4,Theta,-0.000336104683810845,-0.000336104683810845,-0.000336104683810845,1
V6,Alpha,0.0013812147080898285,0.00023836386390030384,0.0026714548002928495,3
V6,Beta,0.0005559808923862875,-0.00027182945632375777,0.0010666558519005775,3
V6,Delta,1.561637873237487e-05,-6.652460433542728e-05,0.0001010397681966424,3
V6,GammaH,0.0008237110450863838,-0.00018862274009734392,0.002209749072790146,3
V6,GammaL,9.182721987599507e-05,1.9951025024056435e-05,0.00020762201165780425,3
V6,Ripple,0.00018063903553411365,-0.00024104997282847762,0.0004977614153176546,3
V6,Theta,0.0005231483373790979,0.00013891933485865593,0.0009122600313276052,3
V7,Alpha,0.003996159415692091,0.003996159415692091,0.003996159415692091,1
V7,Beta,-5.0285947509109974e-05,-5.0285947509109974e-05,-5.0285947509109974e-05,1
V7,Delta,0.0006957239238545299,0.0006957239238545299,0.0006957239238545299,1
V7,GammaH,4.2652012780308723e-05,4.2652012780308723e-05,4.2652012780308723e-05,1
V7,GammaL,5.212472751736641e-05,5.212472751736641e-05,5.212472751736641e-05,1
V7,Ripple,-0.0012036878615617752,-0.0012036878615617752,-0.0012036878615617752,1
V7,Theta,-0.0001150144380517304,-0.0001150144380517304,-0.0001150144380517304,1
VMV1,Alpha,8.716143202036619e-05,-0.00047958758659660816,0.0006182529032230377,3
VMV1,Beta,-0.0014759725891053677,-0.0032659268472343683,0.001801877748221159,3
VMV1,Delta,0.00369515479542315,-0.00017293891869485378,0.009236693382263184,3
VMV1,GammaH,5.4215099225984886e-05,-0.000475521432235837,0.0005351498839445412,3
VMV1,GammaL,0.00017608539201319218,-0.0005589975044131279,0.0008975293603725731,3
VMV1,Ripple,9.183563088299707e-05,-0.000326708861393854,0.0004431267734616995,3
VMV1,Theta,0.0013491568388417363,-1.7113779904320836e-06,0.003927487414330244,3
VMV2,Alpha,0.0005361672374419868,0.0005361672374419868,0.0005361672374419868,1
VMV2,Beta,0.0019921869970858097,0.0019921869970858097,0.0019921869970858097,1
VMV2,Delta,0.004321669228374958,0.004321669228374958,0.004321669228374958,1
VMV2,GammaH,4.71358944196254e-05,4.71358944196254e-05,4.71358944196254e-05,1
VMV2,GammaL,0.004636271856725216,0.004636271856725216,0.004636271856725216,1
VMV2,Ripple,0.0005701134796254337,0.0005701134796254337,0.0005701134796254337,1
VMV2,Theta,0.00655867625027895,0.00655867625027895,0.00655867625027895,1
VMV3,Alpha,0.0050111208111047745,0.0050111208111047745,0.0050111208111047745,1
VMV3,Beta,-0.0008130914648063481,-0.0008130914648063481,-0.0008130914648063481,1
VMV3,Delta,0.00046639854554086924,0.00046639854554086924,0.00046639854554086924,1
VMV3,GammaH,0.0005873227491974831,0.0005873227491974831,0.0005873227491974831,1
VMV3,GammaL,1.424608490196988e-05,1.424608490196988e-05,1.424608490196988e-05,1
VMV3,Ripple,0.0028508957475423813,0.0028508957475423813,0.0028508957475423813,1
VMV3,Theta,-0.00030661950586363673,-0.00030661950586363673,-0.00030661950586363673,1
VVC,Alpha,0.005283860489726067,0.002896621823310852,0.007671099156141281,4
VVC,Beta,0.007105881813913584,0.0022200695239007473,0.012597580440342426,4
VVC,Delta,0.029218463227152824,0.0186566561460495,0.03978027403354645,4
VVC,GammaH,0.0008427327265962958,0.00039800579543225467,0.0011805754620581865,4
VVC,GammaL,0.005975569598376751,0.002720047254115343,0.009626191109418869,4
VVC,Ripple,0.00018663742230273783,-0.0008718580938875675,0.00139214179944247,4
VVC,Theta,0.006702081300318241,0.005286696366965771,0.008368476293981075,4
a24,Alpha,0.0031587667763233185,0.0004898358602076769,0.005827697925269604,4
a24,Beta,-0.00013451404811348766,-0.00032481050584465265,-2.520275302231312e-06,4
a24,Delta,0.000125472666695714,-0.00021449269843287766,0.00031943447538651526,4
a24,GammaH,0.0003637796617113054,-0.00030472269281744957,0.0008212924585677683,4
a24,GammaL,0.0011533367214724422,0.00024607565137557685,0.002487512305378914,4
a24,Ripple,0.003882379736751318,-0.0012118234299123287,0.010616585612297058,4
a24,Theta,0.0008806707337498665,0.00037525303196161985,0.0013860883191227913,4
a24pr,Alpha,0.0003025558835361153,-6.711762398481369e-05,0.0005667910445481539,3
a24pr,Beta,-1.9897319361916743e-05,-0.00024103396572172642,0.0002717541065067053,3
a24pr,Delta,0.00032809554249979556,-2.896413207054138e-07,0.0009315493516623974,3
a24pr,GammaH,-0.00010996001219609752,-0.00019746471662074327,-5.533476360142231e-05,3
a24pr,GammaL,-0.0008070767507888377,-0.0027341442182660103,0.0011767386458814144,3
a24pr,Ripple,0.00033707101829349995,-7.799244485795498e-05,0.0006547607481479645,3
a24pr,Theta,0.0016705328598618507,0.00028946809470653534,0.0036702335346490145,3
a32pr,Alpha,0.003043455071747303,0.0010672747157514095,0.006478914525359869,3
a32pr,Beta,-0.0010990127921104431,-0.005702150985598564,0.001632427447475493,3
a32pr,Delta,0.00018886051839217544,-0.00037261773832142353,0.0005702789640054107,3
a32pr,GammaH,-0.00015705863188486546,-0.0010554457549005747,0.00037275953218340874,3
a32pr,GammaL,0.0003477488935459405,-0.00037169212009757757,0.0008492190390825272,3
a32pr,Ripple,-0.00037271869950927794,-0.001767775509506464,0.00046764896251261234,3
a32pr,Theta,-0.00026034945040009916,-0.0008609066717326641,0.00010631783516146243,3
a47r,Alpha,0.0007244318258017302,-0.00014244118938222528,0.0017524540890008211,4
a47r,Beta,0.00020620806026272476,-0.0006835944368503988,0.0012365987058728933,4
a47r,Delta,0.00013200880493968725,-0.002778968308120966,0.0030429859180003405,4
a47r,GammaH,0.0010706816101446748,-0.0005368319107219577,0.002638443373143673,4
a47r,GammaL,-6.579648470506072e-05,-0.0024666856043040752,0.001918853959068656,4
a47r,Ripple,0.00238132756203413,0.0013964544050395489,0.0035537772346287966,4
a47r,Theta,0.001722511020489037,0.0005236549768596888,0.0029213670641183853,4
d23ab,Alpha,0.012903048656880856,0.0018408033065497875,0.032046135514974594,3
d23ab,Beta,0.0001112961326725781,-3.217891207896173e-05,0.00025177173665724695,3
d23ab,Delta,-3.188389746355824e-05,-0.0001891456195153296,0.00020327621314208955,3
d23ab,GammaH,2.0206925910315476e-05,-0.0008652234100736678,0.0006822319701313972,3
d23ab,GammaL,3.926440331269987e-05,-0.0004897901089861989,0.000704058154951781,3
d23ab,Ripple,-1.3860601939086337e-05,-0.0004232416395097971,0.0004821476759389043,3
d23ab,Theta,-0.00019487347162794322,-0.000556891318410635,5.989073542878032e-05,3
d32,Alpha,-0.00016899232286959887,-0.00016899232286959887,-0.00016899232286959887,1
d32,Beta,4.521297523751855e-05,4.521297523751855e-05,4.521297523751855e-05,1
d32,Delta,-0.00017540012777317315,-0.00017540012777317315,-0.00017540012777317315,1
d32,GammaH,1.0026386007666588e-05,1.0026386007666588e-05,1.0026386007666588e-05,1
d32,GammaL,-0.00012650349526666105,-0.00012650349526666105,-0.00012650349526666105,1
d32,Ripple,-1.7238198779523373e-06,-1.7238198779523373e-06,-1.7238198779523373e-06,1
d32,Theta,-4.081003135070205e-05,-4.081003135070205e-05,-4.081003135070205e-05,1
i6-8,Alpha,0.000599052757024765,0.000599052757024765,0.000599052757024765,1
i6-8,Beta,0.007031923159956932,0.007031923159956932,0.007031923159956932,1
i6-8,Delta,0.002470221370458603,0.002470221370458603,0.002470221370458603,1
i6-8,GammaH,0.00021780282258987427,0.00021780282258987427,0.00021780282258987427,1
i6-8,GammaL,0.003273341804742813,0.003273341804742813,0.003273341804742813,1
i6-8,Ripple,0.012932989746332169,0.012932989746332169,0.012932989746332169,1
i6-8,Theta,0.03136394917964935,0.03136394917964935,0.03136394917964935,1
p24,Alpha,0.00010401330655440688,-0.0009149735560640693,0.0009637203183956444,4
p24,Beta,-4.897822509519756e-05,-0.001574886031448841,0.0010819161543622613,4
p24,Delta,-0.0002672289847396314,-0.0010758097050711513,0.0002270120312459767,4
p24,GammaH,-0.00024184696667362005,-0.0005439523374661803,6.025842230883427e-05,4
p24,GammaL,0.0002094245282933116,-5.946669261902571e-05,0.0005408775759860873,4
p24,Ripple,-0.00012159471225459129,-0.00021463503071572632,-1.3720389688387513e-05,4
p24,Theta,0.0004484323726501316,0.00016319297719746828,0.0008266320219263434,4
p24pr,Alpha,0.001919721020385623,0.0003274269984103739,0.004294210579246283,5
p24pr,Beta,0.0016435586148872972,-0.00015103016630746424,0.00443586241453886,5
p24pr,Delta,-0.00022026305668987334,-0.0006183326477184892,0.00010390167881269008,5
p24pr,GammaH,0.0011681021424010396,1.0768882930278778e-05,0.0020965926814824343,5
p24pr,GammaL,-0.0006332242046482861,-0.002803990850225091,0.0010140021331608295,5
p24pr,Ripple,0.00020264073100406677,-0.0003455627302173525,0.0009178946493193507,5
p24pr,Theta,0.0001604941498953849,-0.0007990343729034066,0.0009806902380660176,5
p32,Alpha,0.010215879417955875,0.010215879417955875,0.010215879417955875,1
p32,Beta,0.00564733799546957,0.00564733799546957,0.00564733799546957,1
p32,Delta,-9.76170995272696e-05,-9.76170995272696e-05,-9.76170995272696e-05,1
p32,GammaH,0.00018117832951247692,0.00018117832951247692,0.00018117832951247692,1
p32,GammaL,0.0006159945041872561,0.0006159945041872561,0.0006159945041872561,1
p32,Ripple,4.437720053829253e-05,4.437720053829253e-05,4.437720053829253e-05,1
p32,Theta,8.904520655050874e-06,8.904520655050874e-06,8.904520655050874e-06,1
p32pr,Alpha,0.00088074168888852,-0.0005984131712466478,0.0018972802208736539,3
p32pr,Beta,0.0011037412332370877,0.0005781515501439571,0.0015089595690369606,3
p32pr,Delta,0.0011718099704012275,1.8357648514211178e-05,0.003162284614518285,3
p32pr,GammaH,-5.887395309400745e-05,-0.0003617272013798356,0.00014228536747395992,3
p32pr,GammaL,4.344728586147539e-05,-0.00023528840392827988,0.0005731995915994048,3
p32pr,Ripple,0.0002827936550602317,-0.00011093035573139787,0.0006961720646359026,3
p32pr,Theta,0.0002706600644160062,0.00010732701048254967,0.000492280931212008,3
p47r,Alpha,0.01301916316151619,0.004648679867386818,0.028332119807600975,3
p47r,Beta,0.0013748424826189876,0.000274625257588923,0.0033434678334742785,3
p47r,Delta,5.71992713958025e-05,1.5636091120541096e-05,0.00012807268649339676,3
p47r,GammaH,0.00178845738992095,-0.0009314659982919693,0.005173102021217346,3
p47r,GammaL,0.0007183952839113772,0.0001530322479084134,0.0017549445619806647,3
p47r,Ripple,0.002104518236592412,-0.0001468650298193097,0.003714660182595253,3
p47r,Theta,0.0009365782607346773,0.00033863913267850876,0.0018822156125679612,3
p9-46v,Alpha,0.010877703316509724,-0.014964747242629528,0.035278018563985825,4
p9-46v,Beta,6.814501830376685e-05,-0.0008456659270450473,0.0007656338275410235,4
p9-46v,Delta,0.036664657294750214,0.0033777959179133177,0.06995151937007904,4
p9-46v,GammaH,0.0009314687922596931,0.00013084104284644127,0.002059735357761383,4
p9-46v,GammaL,0.0009567019296810031,0.0006055806297808886,0.0015229098498821259,4
p9-46v,Ripple,0.00053813261911273,0.0002844040282070637,0.0007918612100183964,4
p9-46v,Theta,-0.0009034529211930931,-0.002286499133333564,2.5828834623098373e-05,4
s32,Alpha,0.02811201848089695,0.02510622888803482,0.03111780807375908,2
s32,Beta,0.00035711616510525346,-0.0006047299830242991,0.001318962313234806,2
s32,Delta,-0.0002908720634877682,-0.0010971229057759047,0.0005153787788003683,2
s32,GammaH,0.00313226948492229,0.001580720767378807,0.004683818202465773,2
s32,GammaL,0.0015571624971926212,0.0006952468538656831,0.002419078256934881,2
s32,Ripple,0.0002593934768810868,-0.0001345865020994097,0.0006533734849654138,2
s32,Theta,0.0015479575376957655,0.0010860353941097856,0.0020098797976970673,2
s6-8,Alpha,-0.002894412726163864,-0.002894412726163864,-0.002894412726163864,1
s6-8,Beta,0.00870131142437458,0.00870131142437458,0.00870131142437458,1
s6-8,Delta,-0.0004317723214626312,-0.0004317723214626312,-0.0004317723214626312,1
s6-8,GammaH,-0.0009489022195339203,-0.0009489022195339203,-0.0009489022195339203,1
s6-8,GammaL,0.00021918490529060364,0.00021918490529060364,0.00021918490529060364,1
s6-8,Ripple,0.003988198935985565,0.003988198935985565,0.003988198935985565,1
s6-8,Theta,-0.00015732459723949432,-0.00015732459723949432,-0.00015732459723949432,1
v23ab,Alpha,0.015183525159955025,-0.0031844875775277615,0.03917476907372475,4
v23ab,Beta,0.006749807391315699,0.0008420700905844569,0.01356874592602253,4
v23ab,Delta,4.634438664652407e-05,-0.0005422428948804736,0.0005776442121714354,4
v23ab,GammaH,-0.0005559445125982165,-0.0015185070224106312,0.00040661811362951994,4
v23ab,GammaL,0.0003150355478283018,-0.0005037271184846759,0.0009560583275742829,4
v23ab,Ripple,0.0006107607623562217,-0.0002816193155013025,0.0021656572353094816,4
v23ab,Theta,1.3290351489558816e-05,-0.0008949655457399786,0.0006743356352671981,4
